Category Name,CategoryID,Product Name,ProductID,Product Image Url,allImageUrls(5<),Product Url,originalPrice($),salePrice($),Commission Rate,Out of Stock Date,Discount,Click url
Women's Intimates,200000349,Abdomen Belt For Shaping And Body Reduction Belly sSealing Waist Entrainment,1005002351753555,https://ae01.alicdn.com/kf/H3b5757ccf57a46b28ed7b516461d7e50m/Abdomen-Belt-For-Shaping-And-Body-Reduction-Belly-sSealing-Waist-Entrainment.jpg_220x220.jpg,"https://ae04.alicdn.com/kf/H3b5757ccf57a46b28ed7b516461d7e50m.jpg,https://ae04.alicdn.com/kf/Heb9a7754a1ed4b078ccea38f599da3ab8.jpg,https://ae04.alicdn.com/kf/H75842dfcbf36472c8876e9312da00f47Z.jpg,https://ae04.alicdn.com/kf/He673830a3e044e4ca4e0e75ee2ae94cfW.jpg,https://ae04.alicdn.com/kf/H1c3d9aa5a15c47e8b49d2dadaf2a3034i.jpg,",https://www.aliexpress.com/item/1005002351753555.html,12.80,,8.00%,2098-12-31,null%,https://s.click.aliexpress.com/e/_9Ax1I0
Women's Intimates,200000349,Hot Women Body Shaper Butt Lifter Fake Buttocks Sponge Pad Control Panties Shapewear Tummy Hip Underwear Lingerie 6XL,1005002256394599,https://ae01.alicdn.com/kf/H7b8394d3c5d14aed99eab7878ae0499d8/Hot-Women-Body-Shaper-Butt-Lifter-Fake-Buttocks-Sponge-Pad-Control-Panties-Shapewear-Tummy-Hip-Underwear.jpg_220x220.jpg,"https://ae04.alicdn.com/kf/H7b8394d3c5d14aed99eab7878ae0499d8.jpg,https://ae04.alicdn.com/kf/H959dfe28e75d457c9f3aae5899c95e2fC.jpg,https://ae04.alicdn.com/kf/Ha483226263a6491aa9bd98562632c855v.jpg,https://ae04.alicdn.com/kf/He515da18adb149d6bf71da7df13eccb1Z.jpg,https://ae04.alicdn.com/kf/Hb0a9d9c67cd9426c9ad45a638050ad49J.jpg,",https://www.aliexpress.com/item/1005002256394599.html,49.31,24.66,40.00%,2098-12-31,50%,https://s.click.aliexpress.com/e/_AF5w7e
Women's Intimates,200000349,3Pcs Seamless Yoga Set Gym Fitness Clothing Women Yoga Suit Sportswear Female Workout Leggings Top Sport Clothes Training Tights,1005002359834506,https://ae01.alicdn.com/kf/H5b3db292164d4f56a4f7b09270f2d4d6a/3Pcs-Seamless-Yoga-Set-Gym-Fitness-Clothing-Women-Yoga-Suit-Sportswear-Female-Workout-Leggings-Top-Sport.jpg_220x220.jpg,"https://ae04.alicdn.com/kf/H5b3db292164d4f56a4f7b09270f2d4d6a.jpg,https://ae04.alicdn.com/kf/Hd162330a91274f74abd173ca09fdfb8eY.jpg,https://ae04.alicdn.com/kf/H5e84a5c7e4744a8ab1e71749900133c8Q.jpg,https://ae04.alicdn.com/kf/Hf09616d093ac41dba98d8f3febef357cC.jpg,https://ae04.alicdn.com/kf/H8b435da3dced434787c785f0908364b17.jpg,",https://www.aliexpress.com/item/1005002359834506.html,46.98,23.49,40.00%,2098-12-31,50%,https://s.click.aliexpress.com/e/_A2B1o4
Women's Intimates,200000349,Retro embroidery flower bralette lace push up bra and panties set sexy tubes top wide-breasted underwear bralette pants,1005002358636864,https://ae01.alicdn.com/kf/H6f1fe16e06b34180977ed37a7928ef80P/Retro-embroidery-flower-bralette-lace-push-up-bra-and-panties-set-sexy-tubes-top-wide-breasted.jpg_220x220.jpg,"https://ae04.alicdn.com/kf/H6f1fe16e06b34180977ed37a7928ef80P.jpg,https://ae04.alicdn.com/kf/H3c7e8932824e4a90a82951cf47633dd13.jpg,https://ae04.alicdn.com/kf/Hd5af9de09f7248f2b1c6686d97c38f34r.jpg,https://ae04.alicdn.com/kf/H85309c38302e42e08259ceb3ffc4015fq.jpg,https://ae04.alicdn.com/kf/H5890f8b36abd4e82b20e299f1494df6ex.jpg,",https://www.aliexpress.com/item/1005002358636864.html,40.99,15.17,15.00%,2098-12-31,63%,https://s.click.aliexpress.com/e/_9xifSY
Women's Intimates,200000349,Sexy Corset Underbust Women Gothic Corset Top Curve Shaper Modeling Strap Slimming Waist Belt Chain Lace Corsets Bustiers,1005002268969033,https://ae01.alicdn.com/kf/H4f410b203d484a25ba2250365cad6f8d5/Sexy-Corset-Underbust-Women-Gothic-Corset-Top-Curve-Shaper-Modeling-Strap-Slimming-Waist-Belt-Chain-Lace.jpg_220x220.jpg,"https://ae04.alicdn.com/kf/H4f410b203d484a25ba2250365cad6f8d5.jpg,https://ae04.alicdn.com/kf/Ha344501ba29d4264ad9900064af21289Y.jpg,https://ae04.alicdn.com/kf/H3de98aa0515d43d1bd441cf80cc27914U.jpg,https://ae04.alicdn.com/kf/Hc2d364d1edd44c2ab52a02cf6b30b675l.jpg,https://ae04.alicdn.com/kf/H2cdc8b4eb6644affaf07e02451006c2aa.jpg,",https://www.aliexpress.com/item/1005002268969033.html,17.46,13.97,40.00%,2098-12-31,20%,https://s.click.aliexpress.com/e/_APY8sg
Women's Intimates,200000349,Yoga Clothing Set Sports Suit Women Sportswear Sports Outfit Fitness Set Athletic Wear Gym Seamless Workout Clothes For Women,1005002359936156,https://ae01.alicdn.com/kf/H31a0eaa9afa64823a44ca2747afcbdcfK/Yoga-Clothing-Set-Sports-Suit-Women-Sportswear-Sports-Outfit-Fitness-Set-Athletic-Wear-Gym-Seamless-Workout.jpg_220x220.jpg,"https://ae04.alicdn.com/kf/H31a0eaa9afa64823a44ca2747afcbdcfK.jpg,https://ae04.alicdn.com/kf/H8b823174584c445c8de1dc16b2e0a456q.jpg,https://ae04.alicdn.com/kf/Hdb1759ea34e04727957ec9f07da385973.jpg,https://ae04.alicdn.com/kf/Hbbb78a95f8ba41e59f24a610ef022372E.jpg,https://ae04.alicdn.com/kf/H26c0813305464585b62646767e33e031S.jpg,",https://www.aliexpress.com/item/1005002359936156.html,55.85,27.93,40.00%,2098-12-31,50%,https://s.click.aliexpress.com/e/_A9FJ1m
Women's Intimates,200000349,Naked-Feel Yoga Set Yoga Leggings Set Women Fitness Suit For Yoga Clothes High Waist Gym Workout Sportswear Gym Sports Clothing,1005002359903137,https://ae01.alicdn.com/kf/He57b7755b3a34c7a9c6940475e0007afV/Naked-Feel-Yoga-Set-Yoga-Leggings-Set-Women-Fitness-Suit-For-Yoga-Clothes-High-Waist-Gym.jpg_220x220.jpg,"https://ae04.alicdn.com/kf/He57b7755b3a34c7a9c6940475e0007afV.jpg,https://ae04.alicdn.com/kf/H0f1bf6d4c6db47fca639f3cb899e8cebc.jpg,https://ae04.alicdn.com/kf/H93453edcdeaf48f9b03411c0c81da984S.jpg,https://ae04.alicdn.com/kf/Hd078ddc359844462afbf819009a87d14Y.jpg,https://ae04.alicdn.com/kf/Hef33086ec4cc4c6ba9d1f8cf467c39422.jpg,",https://www.aliexpress.com/item/1005002359903137.html,81.14,40.57,40.00%,2098-12-31,50%,https://s.click.aliexpress.com/e/_9yO8Qy
Women's Intimates,200000349,seamless hyperflex workout set sport leggings and top set yoga outfits for women sportswear athletic clothes gym sets 2 piece,1005002359861046,https://ae01.alicdn.com/kf/H814e6d1921c54196b5c8137f7b982120a/seamless-hyperflex-workout-set-sport-leggings-and-top-set-yoga-outfits-for-women-sportswear-athletic-clothes.jpg_220x220.jpg,"https://ae04.alicdn.com/kf/H814e6d1921c54196b5c8137f7b982120a.jpg,https://ae04.alicdn.com/kf/H14184ece583f4548b7bb831b6a1f3925W.jpg,https://ae04.alicdn.com/kf/Had4c86262b7a48b3a118032909bc0e39x.jpg,https://ae04.alicdn.com/kf/H17935a1f77654f4b9486d78548de8396T.jpg,https://ae04.alicdn.com/kf/Ha0b5a58cd2e945be9988847eb2433afae.jpg,",https://www.aliexpress.com/item/1005002359861046.html,23.49,11.75,40.00%,2098-12-31,50%,https://s.click.aliexpress.com/e/_AcUqBI
Women's Intimates,200000349,Corset Secret Women Open Bust Bodysuit Waist Slimming Body Shaper Thigh Trimmer Butt Lifter Modeling Strap Underwear Girdles,1005002262096703,https://ae01.alicdn.com/kf/H11a792396e1349ff87ad4691ba6ea689S/Corset-Secret-Women-Open-Bust-Bodysuit-Waist-Slimming-Body-Shaper-Thigh-Trimmer-Butt-Lifter-Modeling-Strap.jpg_220x220.jpg,"https://ae04.alicdn.com/kf/H11a792396e1349ff87ad4691ba6ea689S.jpg,https://ae04.alicdn.com/kf/Hcd163cb5d1154e9fb7427ead90e0255d0.jpg,https://ae04.alicdn.com/kf/H46e4ebb45727461b999b1301cd048064D.jpg,https://ae04.alicdn.com/kf/H71cdb95141ad4b2b86d1188ef9b7f4be6.jpg,https://ae04.alicdn.com/kf/H63bcdfc55c114978b80bc10c5f93acb2o.jpg,",https://www.aliexpress.com/item/1005002262096703.html,46.56,23.28,40.00%,2098-12-31,50%,https://s.click.aliexpress.com/e/_AWK2xQ
Women's Intimates,200000349,waist trainer butt lifter tummy binders shapers corset modeling strap slimming pants underwear body shapewear reducingbelt,1005002256221908,https://ae01.alicdn.com/kf/Haf51debc66bd4013aa4dc308019c79ddH/waist-trainer-butt-lifter-tummy-binders-shapers-corset-modeling-strap-slimming-pants-underwear-body-shapewear-reducingbelt.jpg_220x220.jpg,"https://ae04.alicdn.com/kf/Haf51debc66bd4013aa4dc308019c79ddH.jpg,https://ae04.alicdn.com/kf/He3fb3237a75343bdab6ff1c31ff9a81fw.jpg,https://ae04.alicdn.com/kf/Ha0ce09f105e44e778d86a15218284464f.jpg,https://ae04.alicdn.com/kf/H3ec8d151c5984148a6c7c7b2f59c53370.jpg,https://ae04.alicdn.com/kf/H2595febc011d449ab5f3a37752d35481p.jpg,",https://www.aliexpress.com/item/1005002256221908.html,22.37,11.19,40.00%,2098-12-31,50%,https://s.click.aliexpress.com/e/_AtTdpI
Women's Intimates,200000349,2PCS/Set Seamless Fitness Women Yoga Suit High Stretchy Workout Sport Set Padded Sports Bra High Waist Sports Legging Gym,1005002359786090,https://ae01.alicdn.com/kf/H6682719619c646d69b2e6bf5125d7099M/2PCS-Set-Seamless-Fitness-Women-Yoga-Suit-High-Stretchy-Workout-Sport-Set-Padded-Sports-Bra-High.jpg_220x220.jpg,"https://ae04.alicdn.com/kf/H6682719619c646d69b2e6bf5125d7099M.jpg,https://ae04.alicdn.com/kf/H357d04047c7d4e338b86b188ca98eaeea.jpg,https://ae04.alicdn.com/kf/H524d69113a7648a29e494e6293978a8bt.jpg,https://ae04.alicdn.com/kf/H2c96ab5bd248488c8e031690946866aef.jpg,https://ae04.alicdn.com/kf/H44f90d84ac544aa9b0a6762043fb25e6c.jpg,",https://www.aliexpress.com/item/1005002359786090.html,54.49,27.25,40.00%,2098-12-31,50%,https://s.click.aliexpress.com/e/_A9HGzS
Women's Intimates,200000349,2 Piece Set Workout Clothes for Women Sports Bra and Leggings Set Sports Wear for Women Gym Clothing Athletic Yoga Set,1005002359720743,https://ae01.alicdn.com/kf/H3d62421dad00459b877111c5d34ed2c9w/2-Piece-Set-Workout-Clothes-for-Women-Sports-Bra-and-Leggings-Set-Sports-Wear-for-Women.jpg_220x220.jpg,"https://ae04.alicdn.com/kf/H3d62421dad00459b877111c5d34ed2c9w.jpg,https://ae04.alicdn.com/kf/H1c2b996c389a48ad96c493df61174f35R.jpg,https://ae04.alicdn.com/kf/Hf0a30923ff7f44b3921a0649cc3b1f0aO.jpg,https://ae04.alicdn.com/kf/H5ddf929251d747848c6dc644894b5b6eG.jpg,https://ae04.alicdn.com/kf/H4115f08fcacd4893a17f13a5265414c3x.jpg,",https://www.aliexpress.com/item/1005002359720743.html,49.27,24.64,40.00%,2098-12-31,50%,https://s.click.aliexpress.com/e/_AFRuDK
Women's Intimates,200000349,Exclusive original ladies diamond bra push-up gather bra Water brick bra adjustable strap comfortable breathable bra,1005002284104579,https://ae01.alicdn.com/kf/Ha00de9e37c45454dafb6cf3ad77886235/Exclusive-original-ladies-diamond-bra-push-up-gather-bra-Water-brick-bra-adjustable-strap-comfortable-breathable.jpg_220x220.jpg,"https://ae04.alicdn.com/kf/Ha00de9e37c45454dafb6cf3ad77886235.jpg,https://ae04.alicdn.com/kf/H14b6e7914e2c4333ab1043b285935e0eB.jpg,https://ae04.alicdn.com/kf/Hbbd690f49acf4ff1a29aee106952bed3I.jpg,https://ae04.alicdn.com/kf/Hf94cf6abfc614ba08dbfb7d650fbbe1dA.jpg,https://ae04.alicdn.com/kf/H0dff522892864f41ba287151634a1036j.jpg,",https://www.aliexpress.com/item/1005002284104579.html,47.34,23.67,40.00%,2098-12-31,50%,https://s.click.aliexpress.com/e/_AXeoK4
Women's Intimates,200000349,High Waist Sports Legging Gym Women's sportswear Seamless Fitness Women Yoga Suit High Stretchy Workout Set Padded Sports Bra,1005002359996268,https://ae01.alicdn.com/kf/Hb8703502df0045a882c785aca82af745o/High-Waist-Sports-Legging-Gym-Women-s-sportswear-Seamless-Fitness-Women-Yoga-Suit-High-Stretchy-Workout.jpg_220x220.jpg,"https://ae04.alicdn.com/kf/Hb8703502df0045a882c785aca82af745o.jpg,https://ae04.alicdn.com/kf/Hf28304d685074a7a95a40727a68e8713y.jpg,https://ae04.alicdn.com/kf/Hb0ac3f02d00248ab94b5d4d5844dd492P.jpg,https://ae04.alicdn.com/kf/H5a209417178245a9aab61d3621d84decz.jpg,https://ae04.alicdn.com/kf/Hc0e09b4301b7414dbc9e7a607c33976bJ.jpg,",https://www.aliexpress.com/item/1005002359996268.html,52.17,26.09,40.00%,2098-12-31,50%,https://s.click.aliexpress.com/e/_9zE6N2
Women's Intimates,200000349,Women's Sportswear Yoga Set Workout Clothes Athletic Wear Sports Gym Legging Seamless Fitness Bra Crop Top Long Sleeve Yoga Suit,1005002360014142,https://ae01.alicdn.com/kf/H1452a52672924a468e9893c1346a3ac58/Women-s-Sportswear-Yoga-Set-Workout-Clothes-Athletic-Wear-Sports-Gym-Legging-Seamless-Fitness-Bra-Crop.jpg_220x220.jpg,"https://ae04.alicdn.com/kf/H1452a52672924a468e9893c1346a3ac58.jpg,https://ae04.alicdn.com/kf/Hb09a8a4832b34d6c9875be6ee8ea62d2G.jpg,https://ae04.alicdn.com/kf/H436ae0be59c444e8891b5e2e6e128a32x.jpg,https://ae04.alicdn.com/kf/Hcf43af2e40b14196b85a380a01daf29bs.jpg,https://ae04.alicdn.com/kf/H189ee45e03044bbcbbf076168a69f679q.jpg,",https://www.aliexpress.com/item/1005002360014142.html,52.17,26.09,40.00%,2098-12-31,50%,https://s.click.aliexpress.com/e/_9fXP4G
Women's Intimates,200000349,Women Seamless Yoga Set Fitness Sports Suits Gym Clothing Long Sleeve Crop Top Shirts High Waist Running Leggings Workout Pants,1005002359900778,https://ae01.alicdn.com/kf/Hd2f3d486a1a3425b9a8a71cf4edf40427/Women-Seamless-Yoga-Set-Fitness-Sports-Suits-Gym-Clothing-Long-Sleeve-Crop-Top-Shirts-High-Waist.jpg_220x220.jpg,"https://ae04.alicdn.com/kf/Hd2f3d486a1a3425b9a8a71cf4edf40427.jpg,https://ae04.alicdn.com/kf/H843abe46d15148b19dadf8c3f90dc3afz.jpg,https://ae04.alicdn.com/kf/Hccd97b57de7445fab606b428d88f2316u.jpg,https://ae04.alicdn.com/kf/H90257c8396c44912af8949431620b6dfo.jpg,https://ae04.alicdn.com/kf/H734b8ab8a8ac4eaab86ef080f35ef07dJ.jpg,",https://www.aliexpress.com/item/1005002359900778.html,49.18,24.59,40.00%,2098-12-31,50%,https://s.click.aliexpress.com/e/_Ak7HVA
Women's Intimates,200000349,High Waist Fitness Gym Leggings Women Seamless Energy Tights Workout Running Activewear Yoga Pants Hollow Sport Trainning Wear,1005002359926459,https://ae01.alicdn.com/kf/H49fa3244b7864770af1a7c823d654984l/High-Waist-Fitness-Gym-Leggings-Women-Seamless-Energy-Tights-Workout-Running-Activewear-Yoga-Pants-Hollow-Sport.jpg_220x220.jpg,"https://ae04.alicdn.com/kf/H49fa3244b7864770af1a7c823d654984l.jpg,https://ae04.alicdn.com/kf/Hd6a1988996184d52aae379389dcbfdcda.jpg,https://ae04.alicdn.com/kf/H8d9d20a09ca642c7aa45ff10f5666213J.jpg,https://ae04.alicdn.com/kf/Hdbbdd8e0a0d6408c8edc5e6f05958822Y.jpg,https://ae04.alicdn.com/kf/H96258e900ed64f33882a1a19ecd783f5O.jpg,",https://www.aliexpress.com/item/1005002359926459.html,30.54,15.27,40.00%,2098-12-31,50%,https://s.click.aliexpress.com/e/_9HbEzK
Women's Intimates,200000349,Women Yoga Set Seamless Leggings Long Sleeve Crop Top Sports Bra Running Pants Gym Clothing Fitness Workout Sports Suit,1005002359905665,https://ae01.alicdn.com/kf/Hf00f19eac7944dca8389940d24617460T/Women-Yoga-Set-Seamless-Leggings-Long-Sleeve-Crop-Top-Sports-Bra-Running-Pants-Gym-Clothing-Fitness.jpg_220x220.jpg,"https://ae04.alicdn.com/kf/Hf00f19eac7944dca8389940d24617460T.jpg,https://ae04.alicdn.com/kf/H3390e889c65741fd9b93391541a356912.jpg,https://ae04.alicdn.com/kf/H3360dc81468c4cd1a87adea1b0790f13S.jpg,https://ae04.alicdn.com/kf/Hfced59ecedf8456cb7d9236538c81af1Y.jpg,https://ae04.alicdn.com/kf/Hcefb55f0723344278b87a1fb705fd2aa1.jpg,",https://www.aliexpress.com/item/1005002359905665.html,49.27,24.64,40.00%,2098-12-31,50%,https://s.click.aliexpress.com/e/_AsJBjS
Women's Intimates,200000349,2 pcs Luxury Underwear Set Sexy Lingerie Transparent Women's Bra Underwire pink Panty Bra Sets Lace Underwear Lingerie for woman,1005002261883712,https://ae01.alicdn.com/kf/H67260ef46a8a473dbcdc5cb66ae4c5666/2-pcs-Luxury-Underwear-Set-Sexy-Lingerie-Transparent-Women-s-Bra-Underwire-pink-Panty-Bra-Sets.jpg_220x220.jpg,"https://ae04.alicdn.com/kf/H67260ef46a8a473dbcdc5cb66ae4c5666.jpg,https://ae04.alicdn.com/kf/Hbddb495ab6814cc0bd86fc6c33538e7do.jpg,https://ae04.alicdn.com/kf/Hddf3255db3f342d6aa894d9dbf0ba39cI.jpg,https://ae04.alicdn.com/kf/H707bbf082ea143aab50a6aaf449f7ee0j.jpg,https://ae04.alicdn.com/kf/H6ded8862ccf4408085868707249e81a8m.jpg,",https://www.aliexpress.com/item/1005002261883712.html,50.09,25.05,40.00%,2098-12-31,50%,https://s.click.aliexpress.com/e/_9H9CLA
Women's Intimates,200000349,Letter Rhinestone Brand Lingerie Set Women Sexy lace Push Up Bra Panty 2 Piece Brief Sets Pink Comfort Underwear Set lenceria,1005002261840837,https://ae01.alicdn.com/kf/H06b1a8c9a720407d835d663f4499b514f/Letter-Rhinestone-Brand-Lingerie-Set-Women-Sexy-lace-Push-Up-Bra-Panty-2-Piece-Brief-Sets.jpg_220x220.jpg,"https://ae04.alicdn.com/kf/H06b1a8c9a720407d835d663f4499b514f.jpg,https://ae04.alicdn.com/kf/Hc2ce2251c013465e86082eb3a8eaeb953.jpg,https://ae04.alicdn.com/kf/H22c4b763a4044bf4831ea82d1d7bfffdq.jpg,https://ae04.alicdn.com/kf/H75dfcd917eda4f2aa61abc3175d2ad64G.jpg,https://ae04.alicdn.com/kf/H00081fc49199459caf6342c9d34c0acbd.jpg,",https://www.aliexpress.com/item/1005002261840837.html,50.37,25.19,40.00%,2098-12-31,50%,https://s.click.aliexpress.com/e/_A2hO8Y
Women's Intimates,200000349,Sexy Letter Rhinestone Underwear Set Pink Women Brand Comfort Brief Sets Push Up Bra Panty 2 Piece Lingerie Sets lenceria mujer,1005002262035095,https://ae01.alicdn.com/kf/H4752f00a0f4d4b01bced41dcde78c96dc/Sexy-Letter-Rhinestone-Underwear-Set-Pink-Women-Brand-Comfort-Brief-Sets-Push-Up-Bra-Panty-2.jpg_220x220.jpg,"https://ae04.alicdn.com/kf/H4752f00a0f4d4b01bced41dcde78c96dc.jpg,https://ae04.alicdn.com/kf/H3c13fa73b456498f8e8325bbdd2126ffb.jpg,https://ae04.alicdn.com/kf/H2ce7f21e835b47f89d59b8e43a46eda3k.jpg,https://ae04.alicdn.com/kf/H4fe3e906dfc54a68b916a4eb2478bb08E.jpg,https://ae04.alicdn.com/kf/H45cfa71e3ffd487f92b5bffd48556c02S.jpg,",https://www.aliexpress.com/item/1005002262035095.html,53.17,26.59,40.00%,2098-12-31,50%,https://s.click.aliexpress.com/e/_A0QX3K
Women's Intimates,200000349,Black Sexy Letter Rhinestone Lingerie Briefs Set Push Up Bra Panty 2 Piece For Women Comfort Adjustable Underwear Sets,1005002261999208,https://ae01.alicdn.com/kf/H79a23aebd315452383a03b89faf2de55F/Black-Sexy-Letter-Rhinestone-Lingerie-Briefs-Set-Push-Up-Bra-Panty-2-Piece-For-Women-Comfort.jpg_220x220.jpg,"https://ae04.alicdn.com/kf/H79a23aebd315452383a03b89faf2de55F.jpg,https://ae04.alicdn.com/kf/H28e52effdc1547a6ae5a25f3ad00e996M.jpg,https://ae04.alicdn.com/kf/Hbef0e399fba14155999621487f105a8e1.jpg,https://ae04.alicdn.com/kf/H443778f200454fa2a7f57402b4471890m.jpg,https://ae04.alicdn.com/kf/Hee28a89c760142219477cf5edded96e6n.jpg,",https://www.aliexpress.com/item/1005002261999208.html,52.86,26.43,40.00%,2098-12-31,50%,https://s.click.aliexpress.com/e/_Adwpa0
Women's Intimates,200000349,Sexy Women Lace Up Corset Bustier Top Corset Boned Waist Trainer Body Shaping And Slimming Clothing Plus Size XS-6XL Underwear,1005002226293074,https://ae01.alicdn.com/kf/H26deeb75c6fa4b978d6741cea3937dc4T/Sexy-Women-Lace-Up-Corset-Bustier-Top-Corset-Boned-Waist-Trainer-Body-Shaping-And-Slimming-Clothing.jpg_220x220.jpg,"https://ae04.alicdn.com/kf/H26deeb75c6fa4b978d6741cea3937dc4T.jpg,https://ae04.alicdn.com/kf/H3e4bc5a9101d4b95b98f2414050495cfo.jpg,https://ae04.alicdn.com/kf/He53826bc91cd43cd9cffc7e19d1083043.jpg,https://ae04.alicdn.com/kf/H69dc4793baf34640963c6576c69f7d71d.jpg,https://ae04.alicdn.com/kf/H5d77bb28e64645109349a9920439f1b3A.jpg,",https://www.aliexpress.com/item/1005002226293074.html,16.07,12.86,40.00%,2098-12-31,20%,https://s.click.aliexpress.com/e/_A3NMEy
Women's Intimates,200000349,Black red white women's corset female gothic clothing underbust waist sexy bridal bustier top body shapewear VB0001,1005002226087787,https://ae01.alicdn.com/kf/Hc8d0c1154baf4c73a4f1ae72c395e3ddc/Black-red-white-women-s-corset-female-gothic-clothing-underbust-waist-sexy-bridal-bustier-top-body.jpg_220x220.jpg,"https://ae04.alicdn.com/kf/Hc8d0c1154baf4c73a4f1ae72c395e3ddc.jpg,https://ae04.alicdn.com/kf/H80193d391d2343f88204caf4dbad0e06j.jpg,https://ae04.alicdn.com/kf/H62c480cc63ce4bc08d90b7ef13cef4d1a.jpg,https://ae04.alicdn.com/kf/Ha3f733bf038b46c5b936fac286ad1582g.jpg,https://ae04.alicdn.com/kf/H754e4f899e8d45aabf7678fc016b19e7V.jpg,",https://www.aliexpress.com/item/1005002226087787.html,14.45,8.67,40.00%,2098-12-31,40%,https://s.click.aliexpress.com/e/_Ado3Uk
Women's Intimates,200000349,Women Elegant Lace Belt Retro Elastic Waist Waistband Black Red Coffee White Corsets Autumn New QZ0192,1005002226158575,https://ae01.alicdn.com/kf/H9c9d23aaed7c4bd29e6f0193d6c6f68fN/Women-Elegant-Lace-Belt-Retro-Elastic-Waist-Waistband-Black-Red-Coffee-White-Corsets-Autumn-New-QZ0192.jpg_220x220.jpg,"https://ae04.alicdn.com/kf/H9c9d23aaed7c4bd29e6f0193d6c6f68fN.jpg,https://ae04.alicdn.com/kf/H66c8444c471f48008905289aa56b6982Z.jpg,https://ae04.alicdn.com/kf/H399e3f0a054f475e95c3dec31f708d80p.jpg,https://ae04.alicdn.com/kf/Hbd3c3933501f4c34a9395507df26c04en.jpg,https://ae04.alicdn.com/kf/Hbf57fed4447142f0a93e92b4b944569br.jpg,",https://www.aliexpress.com/item/1005002226158575.html,18.73,11.24,40.00%,2098-12-31,40%,https://s.click.aliexpress.com/e/_A04ZHe
Women's Intimates,200000349,Large Size Gather Together Bras Beauty Breast Brassiere Floral Lace Padded Lingerie Plus Size 42-48 Push up Bras,1005002279142197,https://ae01.alicdn.com/kf/H0b271c233300404fb1e9d2cec202c93aY/Large-Size-Gather-Together-Bras-Beauty-Breast-Brassiere-Floral-Lace-Padded-Lingerie-Plus-Size-42-48.jpg_220x220.jpg,"https://ae04.alicdn.com/kf/H0b271c233300404fb1e9d2cec202c93aY.jpg,https://ae04.alicdn.com/kf/He1ef502916cd4976920cb4a4c7b8714dy.jpg,https://ae04.alicdn.com/kf/H42ccc7cc658e4910b1cc1b45348d3f233.jpg,https://ae04.alicdn.com/kf/H4a83c827ad784dfa812c7151b6319521Y.jpg,https://ae04.alicdn.com/kf/H180b085dd6b542788d7d2045983cf325k.jpg,",https://www.aliexpress.com/item/1005002279142197.html,14.47,7.24,40.00%,2098-12-31,50%,https://s.click.aliexpress.com/e/_9Itduc
Women's Intimates,200000349,Sexy Woman Bra Floral Lace Bra Wire Free Bralette Lingerie Female Seamless Unpadded Transparent Brassiere Intimates,1005002279196016,https://ae01.alicdn.com/kf/H912b9993ba3a4f48902ae608dd6bd9ece/Sexy-Woman-Bra-Floral-Lace-Bra-Wire-Free-Bralette-Lingerie-Female-Seamless-Unpadded-Transparent-Brassiere-Intimates.jpg_220x220.jpg,"https://ae04.alicdn.com/kf/H912b9993ba3a4f48902ae608dd6bd9ece.jpg,https://ae04.alicdn.com/kf/Hb3b1997c64ea4067abf0d7b33d175f81g.jpg,https://ae04.alicdn.com/kf/H3c0e9be017f04a5fa3bba3cfdab2c710m.jpg,https://ae04.alicdn.com/kf/Hde64111c5d124de48c0865b6d73aea93F.jpg,https://ae04.alicdn.com/kf/H60d87b520961404682ee13eb33ce1f12V.jpg,",https://www.aliexpress.com/item/1005002279196016.html,8.85,,40.00%,2098-12-31,null%,https://s.click.aliexpress.com/e/_AKnaAk
Women's Intimates,200000349,Sexy Lace Transparent Panties Tempting Pretty Briefs Low Waist Women's Underpants Briefs Intimatesspringspring women underwear,1005002255039254,https://ae01.alicdn.com/kf/H52a8119099f64fc78a7657cd12098e84z/Sexy-Lace-Transparent-Panties-Tempting-Pretty-Briefs-Low-Waist-Women-s-Underpants-Briefs-Intimatesspringspring-women-underwear.jpg_220x220.jpg,"https://ae04.alicdn.com/kf/H52a8119099f64fc78a7657cd12098e84z.jpg,https://ae04.alicdn.com/kf/H81a5b370ca774b70a83d39f3891e2e45W.jpg,https://ae04.alicdn.com/kf/H56fa37504c824718a6a9c95d6d7c31c4N.jpg,https://ae04.alicdn.com/kf/H559bad75baee4090bb7bd3416dfbf3e3h.jpg,https://ae04.alicdn.com/kf/Hdc1680259d7745c49d8d4f113e3c48705.jpg,",https://www.aliexpress.com/item/1005002255039254.html,17.90,8.95,30.00%,2098-12-31,50%,https://s.click.aliexpress.com/e/_AadFwo
Women's Intimates,200000349,Women Seamless Low Waist Sexy Thongs Low Rise Underwear Ice Silk Panties Solid Color Large Size Women's Lingerie,1005002360180003,https://ae01.alicdn.com/kf/H4a7ab6c88f194e8d975cce61dc13481fj/Women-Seamless-Low-Waist-Sexy-Thongs-Low-Rise-Underwear-Ice-Silk-Panties-Solid-Color-Large-Size.jpg_220x220.jpg,"https://ae04.alicdn.com/kf/H4a7ab6c88f194e8d975cce61dc13481fj.jpg,https://ae04.alicdn.com/kf/Hc956afb76be4460da7305159a1f0ea10R.jpg,https://ae04.alicdn.com/kf/H9e611c5252a64ef29cd388274db3d833M.jpg,https://ae04.alicdn.com/kf/H0647cdd6480849898eea8e1a87891d39x.jpg,https://ae04.alicdn.com/kf/H4fa790454d1f4a3fb43cd85eeb5093e2R.jpg,",https://www.aliexpress.com/item/1005002360180003.html,3.93,,8.00%,2098-12-31,null%,https://s.click.aliexpress.com/e/_9v3Vra
Women's Intimates,200000349,PU leather bra underpants set sexy lingerie briefs suit underwire hollow large size underwire female glossy lingerie set,1005002357877543,https://ae01.alicdn.com/kf/H8e2c8a52db894b9eb6e392b5d446395eX/PU-leather-bra-underpants-set-sexy-lingerie-briefs-suit-underwire-hollow-large-size-underwire-female-glossy.jpg_220x220.jpg,"https://ae04.alicdn.com/kf/H8e2c8a52db894b9eb6e392b5d446395eX.jpg,https://ae04.alicdn.com/kf/H92ac47d6646848dc807d2c5555b0b87aZ.jpg,https://ae04.alicdn.com/kf/H8d3a7ccd27204a93adcd6b363660a4eeo.jpg,https://ae04.alicdn.com/kf/H183573f553a646ea947aae6014251541k.jpg,https://ae04.alicdn.com/kf/H4334ebebe7754c8fb53a610dfc1df922W.jpg,",https://www.aliexpress.com/item/1005002357877543.html,41.99,21.41,15.00%,2098-12-31,49%,https://s.click.aliexpress.com/e/_AnWrc8
Women's Intimates,200000349,Sexy temptation lingerie sets glossy women's underwear imitation leather PU gather bra panties set lingerie set plus size,1005002358205277,https://ae01.alicdn.com/kf/H8b87b9edcddb4344b677435429d6bf82A/Sexy-temptation-lingerie-sets-glossy-women-s-underwear-imitation-leather-PU-gather-bra-panties-set-lingerie.jpg_220x220.jpg,"https://ae04.alicdn.com/kf/H8b87b9edcddb4344b677435429d6bf82A.jpg,https://ae04.alicdn.com/kf/H03d43aafef4b462b8e3a874d40f7ef4dz.jpg,https://ae04.alicdn.com/kf/H5080962a3ee74cd4be6781e9e7a816d9K.jpg,https://ae04.alicdn.com/kf/H46b1e1ad31d0468aaab152a317fd3f9cl.jpg,https://ae04.alicdn.com/kf/H843a88fb59fd4312922e332cbc9d949dV.jpg,",https://www.aliexpress.com/item/1005002358205277.html,43.99,19.80,15.00%,2098-12-31,55%,https://s.click.aliexpress.com/e/_AqrxXw
Women's Intimates,200000349,Glossy Pu leather sexy gathered lingerie sets steel ring motorcycle underwear ladies plus size push up bra panty garter set,1005002357973527,https://ae01.alicdn.com/kf/H22c90f3230ce4adc8cda05b56b18277fL/Glossy-Pu-leather-sexy-gathered-lingerie-sets-steel-ring-motorcycle-underwear-ladies-plus-size-push-up.jpg_220x220.jpg,"https://ae04.alicdn.com/kf/H22c90f3230ce4adc8cda05b56b18277fL.jpg,https://ae04.alicdn.com/kf/Ha1bcf9d43b254d0bbfec7e4e7a45e83cS.jpg,https://ae04.alicdn.com/kf/H286f9c9839964f0eb1e210c7ef8ee4cbc.jpg,https://ae04.alicdn.com/kf/Hcc17f8ba1d0e413c9e9edb525ee6deb8F.jpg,https://ae04.alicdn.com/kf/H56920c3d1789473ba8ba4821ffb24636Q.jpg,",https://www.aliexpress.com/item/1005002357973527.html,41.99,20.58,15.00%,2098-12-31,51%,https://s.click.aliexpress.com/e/_ACGgPO
Women's Intimates,200000349,BabeiCui Sexy Transparent Seduction lingerie  Lace Women's Underwear G String Low Waist Panties Funny Panties T-Back Tangas,1005002358964642,https://ae01.alicdn.com/kf/H1cda466d51124651a3216298122ec4eep/BabeiCui-Sexy-Transparent-Seduction-lingerie-Lace-Women-s-Underwear-G-String-Low-Waist-Panties-Funny-Panties.jpg_220x220.jpg,"https://ae04.alicdn.com/kf/H1cda466d51124651a3216298122ec4eep.jpg,https://ae04.alicdn.com/kf/He1b7c15e134f4b80be1424510a146b30G.jpg,https://ae04.alicdn.com/kf/Hbca7b12110b246088b963a6d90563b59W.jpg,https://ae04.alicdn.com/kf/H1e29be395e954e9281ff05d740b0f9b5B.jpg,https://ae04.alicdn.com/kf/Hc544a7dd663f4d418a18330dd148c1e5d.jpg,",https://www.aliexpress.com/item/1005002358964642.html,6.99,3.50,40.00%,2098-12-31,50%,https://s.click.aliexpress.com/e/_AFVCKk
Women's Intimates,200000349,3 Pcs Cotton Panties Sexy Panty Briefs Lace Panties Women Underwear Lingerie Panties for Female Ladies Floral Pantys Underpants,1005002359925469,https://ae01.alicdn.com/kf/H965ed0feb7b742d2a24ed6515d4a9ec2L/3-Pcs-Cotton-Panties-Sexy-Panty-Briefs-Lace-Panties-Women-Underwear-Lingerie-Panties-for-Female-Ladies.jpg_220x220.jpg,"https://ae04.alicdn.com/kf/H965ed0feb7b742d2a24ed6515d4a9ec2L.jpg,https://ae04.alicdn.com/kf/H11f81824882d451fa6e168d38619f43bJ.jpg,https://ae04.alicdn.com/kf/Hcfd72510e3db402e96924ee90d22e396x.jpg,https://ae04.alicdn.com/kf/He2f41cced01445acb5a95af1577210ac8.jpg,https://ae04.alicdn.com/kf/H328282062ec147269bcc0210b4d0375cL.jpg,",https://www.aliexpress.com/item/1005002359925469.html,12.64,6.32,40.00%,2098-12-31,50%,https://s.click.aliexpress.com/e/_9A0gD2
Women's Intimates,200000349,Women Lace Bra Sets Seamless Underwear Backless Vest Sexy Padded Bralette Lingerie Ultrathin Bra & Brief Sets Female Intimates,1005002273608502,https://ae01.alicdn.com/kf/Hc04d0110d40a4755b2c44069f99f0d5ca/Women-Lace-Bra-Sets-Seamless-Underwear-Backless-Vest-Sexy-Padded-Bralette-Lingerie-Ultrathin-Bra-Brief-Sets.jpg_220x220.jpg,"https://ae04.alicdn.com/kf/Hc04d0110d40a4755b2c44069f99f0d5ca.jpg,https://ae04.alicdn.com/kf/Hc63dbfa645514ef2ac539d5d33dc1c89L.jpg,https://ae04.alicdn.com/kf/H282367b25a014b9d865841fa81ad3433T.jpg,https://ae04.alicdn.com/kf/Hb139760458d242b9931c1725117f40d0u.jpg,https://ae04.alicdn.com/kf/H54ff3f502c2d4e17b34939336778b348c.jpg,",https://www.aliexpress.com/item/1005002273608502.html,12.94,6.47,40.00%,2098-12-31,50%,https://s.click.aliexpress.com/e/_9H2q80
Women's Intimates,200000349,Ice Silk Tank Top Wireless Paded Lingerie Push Up Seamless Padded Vest Crop Top Tee Camisole Feminino Comfortable Sleep Cami,1005002273606600,https://ae01.alicdn.com/kf/H3b2188b8c43942cb8fd276076ce2b67eo/Ice-Silk-Tank-Top-Wireless-Paded-Lingerie-Push-Up-Seamless-Padded-Vest-Crop-Top-Tee-Camisole.jpg_220x220.jpg,"https://ae04.alicdn.com/kf/H3b2188b8c43942cb8fd276076ce2b67eo.jpg,https://ae04.alicdn.com/kf/H3d00d1e3f21041bb9ec84a4cea4d7caf2.jpg,https://ae04.alicdn.com/kf/H987ea692b521446783e9dcdb2b3ec8bbg.jpg,https://ae04.alicdn.com/kf/Ha945c45860e64e828e07c58cd57d9d58G.jpg,https://ae04.alicdn.com/kf/Ha5e4eb0d194a4e15a318217111c0e9c65.jpg,",https://www.aliexpress.com/item/1005002273606600.html,12.10,6.05,40.00%,2098-12-31,50%,https://s.click.aliexpress.com/e/_A2q8zK
Women's Intimates,200000349,The new underwear female diamond sexy underwear suit gather girls adjustable medium thickness smooth breathable underwear suit,1005002284112585,https://ae01.alicdn.com/kf/H5d3990104f96440c9c80efffbaa0d442f/The-new-underwear-female-diamond-sexy-underwear-suit-gather-girls-adjustable-medium-thickness-smooth-breathable-underwear.jpg_220x220.jpg,"https://ae04.alicdn.com/kf/H5d3990104f96440c9c80efffbaa0d442f.jpg,https://ae04.alicdn.com/kf/H57ce8ae111de47c785acfd63324b00175.jpg,https://ae04.alicdn.com/kf/H5547353282db4dad917aa3de37068898D.jpg,https://ae04.alicdn.com/kf/Hbce4d6d5ade044499d2c80e76f05a02fW.jpg,https://ae04.alicdn.com/kf/H45423ccacc31423990b282d4b41a6b71J.jpg,",https://www.aliexpress.com/item/1005002284112585.html,55.89,27.95,40.00%,2098-12-31,50%,https://s.click.aliexpress.com/e/_AtC3SY
Women's Intimates,200000349,Thin Push Up Vest Bra Women Seamless Underwear Solid Lace Soft Comfortable Sleep Top With Chest Padded Bras For Women M L XL XXL,1005002360001283,https://ae01.alicdn.com/kf/H75f148a1ff6c4906bb66ff5b19174c08p/Thin-Push-Up-Vest-Bra-Women-Seamless-Underwear-Solid-Lace-Soft-Comfortable-Sleep-Top-With-Chest.jpg_220x220.jpg,"https://ae04.alicdn.com/kf/H75f148a1ff6c4906bb66ff5b19174c08p.jpg,https://ae04.alicdn.com/kf/He42b96b3d2cc4fb9a909cf3ae0faabdey.jpg,https://ae04.alicdn.com/kf/H1b013b83efce4c61a42d725888f2cd134.jpg,https://ae04.alicdn.com/kf/H9c06c87d59004a8588ab1daa5d895d15n.jpg,https://ae04.alicdn.com/kf/Hf9cce538024f4f7ea1820b9ca91e1ba7t.jpg,",https://www.aliexpress.com/item/1005002360001283.html,7.86,3.93,40.00%,2098-12-31,50%,https://s.click.aliexpress.com/e/_Acj1Gy
Women's Intimates,200000349,Seamless Bras For Women Solid Push Up Bra Cotton Bralette Brassiere Comfortable Wireless Underwear V Back Female Sexy Lingerie,1005002359996181,https://ae01.alicdn.com/kf/H474c6bb206ea4ec9ab518eb47be4f630s/Seamless-Bras-For-Women-Solid-Push-Up-Bra-Cotton-Bralette-Brassiere-Comfortable-Wireless-Underwear-V-Back.jpg_220x220.jpg,"https://ae04.alicdn.com/kf/H474c6bb206ea4ec9ab518eb47be4f630s.jpg,https://ae04.alicdn.com/kf/H12279c7d6955408f888a2c1b4a667b4eG.jpg,https://ae04.alicdn.com/kf/H7891b3a42cdf40ea97255a39e1e3f1fbR.jpg,https://ae04.alicdn.com/kf/Hefbd7c934f804c5bab8412a60afa4e49w.jpg,https://ae04.alicdn.com/kf/H4bcf152122d2495ca8bfb0aca2bea0d1W.jpg,",https://www.aliexpress.com/item/1005002359996181.html,12.18,6.09,40.00%,2098-12-31,50%,https://s.click.aliexpress.com/e/_AWZO7e
Women's Intimates,200000349,3PCS Hot Sale Cotton Panties Comfot Seamless High Waist Women's Panties Solid Lace Briefs Underwear Sexy Plus Size Underpants,1005002359989118,https://ae01.alicdn.com/kf/H31369138261c4a0ba279eaff2d01360dc/3PCS-Hot-Sale-Cotton-Panties-Comfot-Seamless-High-Waist-Women-s-Panties-Solid-Lace-Briefs-Underwear.jpg_220x220.jpg,"https://ae04.alicdn.com/kf/H31369138261c4a0ba279eaff2d01360dc.jpg,https://ae04.alicdn.com/kf/H1af0b218d4db41039342744c7a77a8abe.jpg,https://ae04.alicdn.com/kf/Hc522fd503e454850aed508acb318bd955.jpg,https://ae04.alicdn.com/kf/Hcbafc00f84f24e0599dd611965a1e2cdB.jpg,https://ae04.alicdn.com/kf/H56f3d2415cb447669c2a6911e780c8ebM.jpg,",https://www.aliexpress.com/item/1005002359989118.html,15.73,7.87,40.00%,2098-12-31,50%,https://s.click.aliexpress.com/e/_9ybxpA
Women's Intimates,200000349,3pcs Sexy Lace Panties For Women Underwear Fashion Panty Lingerie Breathable Hollow Out Briefs Low-Rise Panties Female Underwear,1005002359974039,https://ae01.alicdn.com/kf/He920707103e540648499ca580e6d5e2fj/3pcs-Sexy-Lace-Panties-For-Women-Underwear-Fashion-Panty-Lingerie-Breathable-Hollow-Out-Briefs-Low-Rise.jpg_220x220.jpg,"https://ae04.alicdn.com/kf/He920707103e540648499ca580e6d5e2fj.jpg,https://ae04.alicdn.com/kf/H1bc498bb55da4476b5580727ec3ebfaat.jpg,https://ae04.alicdn.com/kf/Hd015a2af105943108bc95e2d0959c93fn.jpg,https://ae04.alicdn.com/kf/H5552f2e42a90499f8cd1155f01591feeN.jpg,https://ae04.alicdn.com/kf/H3076a11652014ddd88204543d7aac4681.jpg,",https://www.aliexpress.com/item/1005002359974039.html,15.45,7.73,40.00%,2098-12-31,50%,https://s.click.aliexpress.com/e/_APJuBI
Women's Intimates,200000349,Black/White Sexy String Lace Underwear Women Back Bow Panties Women G String T-back Thong Transparent Lingerie Cute Panties,1005002359921974,https://ae01.alicdn.com/kf/Hb34d61735bb6406d8e685fe9c1b76fdbf/Black-White-Sexy-String-Lace-Underwear-Women-Back-Bow-Panties-Women-G-String-T-back-Thong.jpg_220x220.jpg,"https://ae04.alicdn.com/kf/Hb34d61735bb6406d8e685fe9c1b76fdbf.jpg,https://ae04.alicdn.com/kf/H1476e40c3b634941b7093d5352bd7d7cZ.jpg,https://ae04.alicdn.com/kf/H7af7f315629d4ed383a610dff2183a7eI.jpg,https://ae04.alicdn.com/kf/H34253ddbf684455cb2718c239e57b0984.jpg,https://ae04.alicdn.com/kf/H9ecf89941b664ddb9ab0261ae8a0e7403.jpg,",https://www.aliexpress.com/item/1005002359921974.html,11.23,5.62,40.00%,2098-12-31,50%,https://s.click.aliexpress.com/e/_9vzSjq
Women's Intimates,200000349,Sexy Women Lace Up Corset Bustier Top Corset Boned Waist Trainer Corse Boned Overbust Corsets Slimming Clothing Plus Size S-6XL,1005002359962896,https://ae01.alicdn.com/kf/Hf92a263b4ab9456d9cd82be763363ad0j/Sexy-Women-Lace-Up-Corset-Bustier-Top-Corset-Boned-Waist-Trainer-Corse-Boned-Overbust-Corsets-Slimming.jpg_220x220.jpg,"https://ae04.alicdn.com/kf/Hf92a263b4ab9456d9cd82be763363ad0j.jpg,https://ae04.alicdn.com/kf/Hfb3d399809c24d9f8ec93268a854d19a0.jpg,https://ae04.alicdn.com/kf/H7d064a54665541579c64ee2db58c5d68g.jpg,https://ae04.alicdn.com/kf/H16305e4294a84839bade679ade7a97017.jpg,https://ae04.alicdn.com/kf/Hf09f67de6bb6478fa51b99c284be313dj.jpg,",https://www.aliexpress.com/item/1005002359962896.html,20.78,10.39,40.00%,2098-12-31,50%,https://s.click.aliexpress.com/e/_ATvCgs
Women's Intimates,200000349,Panties For Women Seamless Panty Set Solid Invisible Underwear Sexy Low Waist Briefs Women's Underpants Lingerie Dropship 3 Pcs,1005002359926279,https://ae01.alicdn.com/kf/H06b251b7ac6e4113afc3b9b1e6cab420k/Panties-For-Women-Seamless-Panty-Set-Solid-Invisible-Underwear-Sexy-Low-Waist-Briefs-Women-s-Underpants.jpg_220x220.jpg,"https://ae04.alicdn.com/kf/H06b251b7ac6e4113afc3b9b1e6cab420k.jpg,https://ae04.alicdn.com/kf/Hcf25ebd9cadb4b359252386b618f6dceq.jpg,https://ae04.alicdn.com/kf/H8b96757b4a344b8eafe490608e5653b0Y.jpg,https://ae04.alicdn.com/kf/H848fd729edd9496f867085b92bb94ca8D.jpg,https://ae04.alicdn.com/kf/Had590c69c9d245e28f8755052549b2d5f.jpg,",https://www.aliexpress.com/item/1005002359926279.html,11.23,5.62,40.00%,2098-12-31,50%,https://s.click.aliexpress.com/e/_98Mr6u
Women's Intimates,200000349,Sexy Bra Push Up Bras For Women Solid Lingerie Cotton Bralette Soft Bra Seamless Brassiere Wireless Comfort Underwear Intimates,1005002360001340,https://ae01.alicdn.com/kf/H8784c51936e044d598f81465ae92eea9l/Sexy-Bra-Push-Up-Bras-For-Women-Solid-Lingerie-Cotton-Bralette-Soft-Bra-Seamless-Brassiere-Wireless.jpg_220x220.jpg,"https://ae04.alicdn.com/kf/H8784c51936e044d598f81465ae92eea9l.jpg,https://ae04.alicdn.com/kf/H1d5aaa14abb54cf9a0a13808dfd37586z.jpg,https://ae04.alicdn.com/kf/Hab6ad730942e400ab74154d6b6b3ba0fm.jpg,https://ae04.alicdn.com/kf/Hc294745ff2f14472aba24260c45c2591K.jpg,https://ae04.alicdn.com/kf/Hf97705e947c640ac9c58076557dd409fc.jpg,",https://www.aliexpress.com/item/1005002360001340.html,6.18,3.09,40.00%,2098-12-31,50%,https://s.click.aliexpress.com/e/_Arbveo
Women's Intimates,200000349,Quick Sale Wish Amazon Foreign Trade Ribbon Sexy Silk Swimming Cloth Hoop Fun Women's Thong 1311,1005002360159064,https://ae01.alicdn.com/kf/H7f7cd6c9c9774f9f90fbe5ba101f147c4/Quick-Sale-Wish-Amazon-Foreign-Trade-Ribbon-Sexy-Silk-Swimming-Cloth-Hoop-Fun-Women-s-Thong.jpg_220x220.jpg,"https://ae04.alicdn.com/kf/H7f7cd6c9c9774f9f90fbe5ba101f147c4.jpg,https://ae04.alicdn.com/kf/H8cfb3cc0461c410f8320ab0b2b1dfd5bS.jpg,https://ae04.alicdn.com/kf/Hd3eed6a75d994a5da81a5ac354ea83366.jpg,https://ae04.alicdn.com/kf/Hf814ab8a4e4044bca128863e06160a9ag.jpg,https://ae04.alicdn.com/kf/Ha54cb2cbdd1941c19545fd54c97286a5j.jpg,",https://www.aliexpress.com/item/1005002360159064.html,4.35,,8.00%,2098-12-31,null%,https://s.click.aliexpress.com/e/_9jlyoC
Women's Intimates,200000349,Lace-up panties sexy micro-permeable mesh briefs women's lace-up (two packs) thong,1005002360089272,https://ae01.alicdn.com/kf/Hb632041b55f74d46891703b5607bf635d/Lace-up-panties-sexy-micro-permeable-mesh-briefs-women-s-lace-up-two-packs-thong.jpg_220x220.jpg,"https://ae04.alicdn.com/kf/Hb632041b55f74d46891703b5607bf635d.jpg,https://ae04.alicdn.com/kf/Hbc3a5f95a53649a18ee351fe743783d8C.jpg,https://ae04.alicdn.com/kf/Hbe4ff98cbab94f04bb86cb3ee4047c4a5.jpg,https://ae04.alicdn.com/kf/Hd1143694374b4a3d844e0f591ddee520p.jpg,https://ae04.alicdn.com/kf/Hec246b89882840eea6eeff421a6163b5d.jpg,",https://www.aliexpress.com/item/1005002360089272.html,9.58,,8.00%,2098-12-31,null%,https://s.click.aliexpress.com/e/_ANjPZO
Women's Intimates,200000349,Women's Sheer Lace Underwire bra Unlined Minimizer Bra 34 36 38 40 42 44 46 48 B C D E F G H,1005002284217780,https://ae01.alicdn.com/kf/H93d39cc3747c455a8aeb42f04c195ddaT/Women-s-Sheer-Lace-Underwire-bra-Unlined-Minimizer-Bra-34-36-38-40-42-44-46.jpg_220x220.jpg,"https://ae04.alicdn.com/kf/H93d39cc3747c455a8aeb42f04c195ddaT.jpg,https://ae04.alicdn.com/kf/Ha7123081f8ba4044bcc3ed3e820a5f530.jpg,https://ae04.alicdn.com/kf/Hca98940a7b6742a8a7d471c94d0333ccv.jpg,https://ae04.alicdn.com/kf/H22d6312ed73542388d569c6959b271737.jpg,https://ae04.alicdn.com/kf/Haf574b92139b49f99b21c75617f13a2cM.jpg,",https://www.aliexpress.com/item/1005002284217780.html,35.86,17.93,40.00%,2098-12-31,50%,https://s.click.aliexpress.com/e/_ANDSlE
Women's Intimates,200000349,1/2 Cup Push Up Bra Front and Behind Buckle Underwear Women Sexy Deep V Strapless Stealth Brassiere Wire Free Thicken Lingerie,1005002284177442,https://ae01.alicdn.com/kf/H8f343060e86e494c9a45078ae1b36232e/1-2-Cup-Push-Up-Bra-Front-and-Behind-Buckle-Underwear-Women-Sexy-Deep-V-Strapless.jpg_220x220.jpg,"https://ae04.alicdn.com/kf/H8f343060e86e494c9a45078ae1b36232e.jpg,https://ae04.alicdn.com/kf/H865fd5b358ca489ab5c6e1b08b9efb5fL.jpg,https://ae04.alicdn.com/kf/Hd410b4e92ea646a7a2732a98546bdd96y.jpg,https://ae04.alicdn.com/kf/Hd1b570b1823c43738900833015dd65f7j.jpg,https://ae04.alicdn.com/kf/H5510366cebf14f898c522d12ae02f6e58.jpg,",https://www.aliexpress.com/item/1005002284177442.html,16.63,8.32,40.00%,2098-12-31,50%,https://s.click.aliexpress.com/e/_AD09xi
Women's Intimates,200000349,Women Bra Sexy Lace Lingerie Push Up Bra Thick Cup No Trace Anti-light Breathable Women Underwear Adjustable Plus Size Bra,1005002284089738,https://ae01.alicdn.com/kf/Hf44c487e61a940e8b25d6deda01137db2/Women-Bra-Sexy-Lace-Lingerie-Push-Up-Bra-Thick-Cup-No-Trace-Anti-light-Breathable-Women.jpg_220x220.jpg,"https://ae04.alicdn.com/kf/Hf44c487e61a940e8b25d6deda01137db2.jpg,https://ae04.alicdn.com/kf/H404dd3a5784a4591958086874db7c3beF.jpg,https://ae04.alicdn.com/kf/Haa32d3a8ce70423f92a328259abf750dU.jpg,https://ae04.alicdn.com/kf/H9154a50107334ab69e35f5f2f1dd6ac7d.jpg,https://ae04.alicdn.com/kf/H1f3845a15340471eb26f3b746120c6edB.jpg,",https://www.aliexpress.com/item/1005002284089738.html,16.48,8.24,40.00%,2098-12-31,50%,https://s.click.aliexpress.com/e/_AbLeGu
Women's Intimates,200000349,Women Push Up Bra For Small Breast Super Push Up Bra Sexy Lady Push Up Bra Women Push Up Bra One-piece Seamless Gather 1/2 Cup,1005002284031939,https://ae01.alicdn.com/kf/Hd95eadf90df844bf97ee5f25026b666eG/Women-Push-Up-Bra-For-Small-Breast-Super-Push-Up-Bra-Sexy-Lady-Push-Up-Bra.jpg_220x220.jpg,"https://ae04.alicdn.com/kf/Hd95eadf90df844bf97ee5f25026b666eG.jpg,https://ae04.alicdn.com/kf/H3eee490a590640d09a288606a850028eD.jpg,https://ae04.alicdn.com/kf/H2276abbef6dc449e9cb215187e23977c9.jpg,https://ae04.alicdn.com/kf/H02ce29a73a7b4424be14535c51e08a41b.jpg,https://ae04.alicdn.com/kf/H99cbcdbee1894199b0a0239358e7a2ca4.jpg,",https://www.aliexpress.com/item/1005002284031939.html,15.68,7.84,40.00%,2098-12-31,50%,https://s.click.aliexpress.com/e/_Ao241a
Women's Intimates,200000349,Sexy Deep V Bra Large Size 34-46 B C D E Cup Bras For Women Push Up Bh Floral Lace Solid Padded Lingerie Underwear Tops C07,1005002280871386,https://ae01.alicdn.com/kf/H0357a1c1c04647638ad837926c9241b6b/Sexy-Deep-V-Bra-Large-Size-34-46-B-C-D-E-Cup-Bras-For-Women.jpg_220x220.jpg,"https://ae04.alicdn.com/kf/H0357a1c1c04647638ad837926c9241b6b.jpg,https://ae04.alicdn.com/kf/H2983619e4cfb4db0929ef36251f6d722Z.jpg,https://ae04.alicdn.com/kf/H324deea6922145c8a33762e3f1c37b57q.jpg,https://ae04.alicdn.com/kf/H18a3877676074176adc83c0b25e7de98f.jpg,https://ae04.alicdn.com/kf/He9cc07509ba24e208ad6bd7bd31d7471Y.jpg,",https://www.aliexpress.com/item/1005002280871386.html,16.16,8.08,40.00%,2098-12-31,50%,https://s.click.aliexpress.com/e/_A7q6hw
Women's Intimates,200000349,Women's Full Figure Lightly Lined Underwire Lace Bra 34 36 38 40 42 44 46 48 B C D E F G H,1005002280973059,https://ae01.alicdn.com/kf/H083929293d734e54bfdc3e6619620c1dT/Women-s-Full-Figure-Lightly-Lined-Underwire-Lace-Bra-34-36-38-40-42-44-46.jpg_220x220.jpg,"https://ae04.alicdn.com/kf/H083929293d734e54bfdc3e6619620c1dT.jpg,https://ae04.alicdn.com/kf/H0314de3b30e4458ba508c2e76ec83ce2U.jpg,https://ae04.alicdn.com/kf/H7ccff9f7f24e42ce91335144af412b4aQ.jpg,https://ae04.alicdn.com/kf/Hd781bd1ead1a4bfab4601171815e04377.jpg,https://ae04.alicdn.com/kf/H141993f93b2248aa8973ed702941a47ai.jpg,",https://www.aliexpress.com/item/1005002280973059.html,44.82,22.41,40.00%,2098-12-31,50%,https://s.click.aliexpress.com/e/_AVpb7a
Women's Intimates,200000349,Fashion Sexy Bras Push Up Gather Bra For Girls Women Brassiere Wire Free Womens Seamless one size solid colour Bralette lingerie,1005002279130228,https://ae01.alicdn.com/kf/H000dec2cc4dd4311964e9b83453ea290h/Fashion-Sexy-Bras-Push-Up-Gather-Bra-For-Girls-Women-Brassiere-Wire-Free-Womens-Seamless-one.jpg_220x220.jpg,"https://ae04.alicdn.com/kf/H000dec2cc4dd4311964e9b83453ea290h.jpg,https://ae04.alicdn.com/kf/H45474f574b2e469ca2c9ff39a770a4b9V.jpg,https://ae04.alicdn.com/kf/H0f45f96bf8cf406c8f9acacc2a3b7132z.jpg,https://ae04.alicdn.com/kf/H942a4aa73642472da3f2b84a23be2f61g.jpg,https://ae04.alicdn.com/kf/H69e3b904fdfd46a389f543893fde2106L.jpg,",https://www.aliexpress.com/item/1005002279130228.html,15.44,7.72,40.00%,2098-12-31,50%,https://s.click.aliexpress.com/e/_9wZ0p6
Women's Intimates,200000349,New sale Bras for Women Push Up Sexy Lingerie Seamless Bra Fashion Bralette Brassiere Female Underwear Intimates Hot,1005002279157125,https://ae01.alicdn.com/kf/Hef34ce0a43ee4388b35629dd84557fcbf/New-sale-Bras-for-Women-Push-Up-Sexy-Lingerie-Seamless-Bra-Fashion-Bralette-Brassiere-Female-Underwear.jpg_220x220.jpg,"https://ae04.alicdn.com/kf/Hef34ce0a43ee4388b35629dd84557fcbf.jpg,https://ae04.alicdn.com/kf/H14262446057f4418af3a5e7a59c78da4P.jpg,https://ae04.alicdn.com/kf/H7fd707df358049c29fcbf1897a8cc453n.jpg,https://ae04.alicdn.com/kf/H3ef9c3fce87b45818575a3d7f8d2c8c0c.jpg,https://ae04.alicdn.com/kf/H46141cd9a043498e9f543b750fcb18f4L.jpg,",https://www.aliexpress.com/item/1005002279157125.html,14.90,7.45,40.00%,2098-12-31,50%,https://s.click.aliexpress.com/e/_Ar9ISU
Women's Intimates,200000349,Beauwear Girls\'s Push Up Underwear Female Small Chest Bra Underwire Floral Bras 34B 34C 36B 36C 38B 38C 40A 40B 40C 42A 42B 42C,1005002279075376,https://ae01.alicdn.com/kf/H83f869ca810a4507a3bc1de99d1e9343A/Beauwear-Girls-s-Push-Up-Underwear-Female-Small-Chest-Bra-Underwire-Floral-Bras-34B-34C-36B.jpg_220x220.jpg,"https://ae04.alicdn.com/kf/H83f869ca810a4507a3bc1de99d1e9343A.jpg,https://ae04.alicdn.com/kf/H38279b7604564a17bc5f9197e7e359d6m.jpg,https://ae04.alicdn.com/kf/He8304efa0e614d61a265d8235091ad8cI.jpg,https://ae04.alicdn.com/kf/Hc543ed6e1a3b4c3e86b1eaf93df0fc12G.jpg,https://ae04.alicdn.com/kf/H9034f76a4e134aa78631732d75dd945bR.jpg,",https://www.aliexpress.com/item/1005002279075376.html,15.22,7.61,40.00%,2098-12-31,50%,https://s.click.aliexpress.com/e/_A6695W
Women's Intimates,200000349,Sexy Strapless Bras Invisible Bralette Women Push Up Underwear Seamless Glossy Lingerie Girls Small Chest Beauty Back Brassiere,1005002279118148,https://ae01.alicdn.com/kf/Hb54930e4b7654ec1ad9cfb1ffea83779Q/Sexy-Strapless-Bras-Invisible-Bralette-Women-Push-Up-Underwear-Seamless-Glossy-Lingerie-Girls-Small-Chest-Beauty.jpg_220x220.jpg,"https://ae04.alicdn.com/kf/Hb54930e4b7654ec1ad9cfb1ffea83779Q.jpg,https://ae04.alicdn.com/kf/H76eb8a37010a4ddf9f058e6325d01e6fh.jpg,https://ae04.alicdn.com/kf/H91e13852658c4acfab2cca2aec8ae0e45.jpg,https://ae04.alicdn.com/kf/H5ee95eeb725f49e590774dcd0ad95740m.jpg,https://ae04.alicdn.com/kf/H44cb0dd10f804e728986f1da58d00c7aF.jpg,",https://www.aliexpress.com/item/1005002279118148.html,14.93,7.47,40.00%,2098-12-31,50%,https://s.click.aliexpress.com/e/_AUVem8
Women's Intimates,200000349,1/2 Cup Push Up Bra Front and Behind Buckle Underwear Women Sexy Deep V Strapless Stealth Brassiere Wire Free Thicken Lingerie,1005002279064337,https://ae01.alicdn.com/kf/Hadbf2cf2389e4010bd6ca0441f8069283/1-2-Cup-Push-Up-Bra-Front-and-Behind-Buckle-Underwear-Women-Sexy-Deep-V-Strapless.jpg_220x220.jpg,"https://ae04.alicdn.com/kf/Hadbf2cf2389e4010bd6ca0441f8069283.jpg,https://ae04.alicdn.com/kf/Hcc8e855af6ac41368a561cb4d4ff9415D.jpg,https://ae04.alicdn.com/kf/H7d86af95ee5b47c2a5850487bfaacea2s.jpg,https://ae04.alicdn.com/kf/Habfb874ad4cb4da39df91617a1cdd6b2P.jpg,https://ae04.alicdn.com/kf/H2ee98a1974d14e29944741fec7459bec6.jpg,",https://www.aliexpress.com/item/1005002279064337.html,14.73,7.37,40.00%,2098-12-31,50%,https://s.click.aliexpress.com/e/_AafDsU
Women's Intimates,200000349,Women's Sheer Lace Underwire bra Unlined Minimizer Bra 50 52 B C D E F G H,1005002278914950,https://ae01.alicdn.com/kf/H24e48f0fc7e5446dbdb4ceb1e26512beu/Women-s-Sheer-Lace-Underwire-bra-Unlined-Minimizer-Bra-50-52-B-C-D-E-F.jpg_220x220.jpg,"https://ae04.alicdn.com/kf/H24e48f0fc7e5446dbdb4ceb1e26512beu.jpg,https://ae04.alicdn.com/kf/H56da91ec59ba4beb8bf038dcfcd468c1F.jpg,https://ae04.alicdn.com/kf/He4366fc2158d42b29ff0656fbe161f4bH.jpg,https://ae04.alicdn.com/kf/H502230b239174deba7a678f39bb0ebebL.jpg,https://ae04.alicdn.com/kf/H995d7fb4f03949f38722c6f4c964ad9cQ.jpg,",https://www.aliexpress.com/item/1005002278914950.html,49.98,24.99,40.00%,2098-12-31,50%,https://s.click.aliexpress.com/e/_A8aYoo
Women's Intimates,200000349,4pcs 2pair Women Push Up Bra Pads Intimates Accessories Foam Sponge Invisible Swimsuit Bikini Breast Insert Chest Cup Padding,1005002359743208,https://ae01.alicdn.com/kf/H73cc2dbc7278454691964f09412f7f4aF/4pcs-2pair-Women-Push-Up-Bra-Pads-Intimates-Accessories-Foam-Sponge-Invisible-Swimsuit-Bikini-Breast-Insert.jpg_220x220.jpg,"https://ae04.alicdn.com/kf/H73cc2dbc7278454691964f09412f7f4aF.jpg,https://ae04.alicdn.com/kf/Hd73e7680e6c349929c3d485ebd567a905.jpg,https://ae04.alicdn.com/kf/Hdc14ff00bc7f492ba310c1cce860b52ee.jpg,https://ae04.alicdn.com/kf/H0cb1b50a861f450b9a6c370a146bfe167.jpg,https://ae04.alicdn.com/kf/Hbd32adaac02b4de2a221157a93409fa1e.jpg,",https://www.aliexpress.com/item/1005002359743208.html,7.03,3.52,40.00%,2098-12-31,50%,https://s.click.aliexpress.com/e/_9jJv8M
Women's Intimates,200000349,Underbust Corset Waist Slimming Waist Cincher for Women Corset Pink Black Underbust Corset,1005002360008807,https://ae01.alicdn.com/kf/H805148bdcee34e638fd36af892f4e78aJ/Underbust-Corset-Waist-Slimming-Waist-Cincher-for-Women-Corset-Pink-Black-Underbust-Corset.jpg_220x220.jpg,"https://ae04.alicdn.com/kf/H805148bdcee34e638fd36af892f4e78aJ.jpg,https://ae04.alicdn.com/kf/H6cad06684cf14265be899b1632b733fcA.jpg,https://ae04.alicdn.com/kf/H3b5ee30de967449f995107874ea8af20R.jpg,https://ae04.alicdn.com/kf/Hc6bef9593c534cf285b48750d72518c0Z.jpg,https://ae04.alicdn.com/kf/Hcd9e144052794f408d39b20a831d7a3dp.jpg,",https://www.aliexpress.com/item/1005002360008807.html,22.47,11.24,40.00%,2098-12-31,50%,https://s.click.aliexpress.com/e/_AEk7KC
Women's Intimates,200000349,sexy bustier corset top women corset for slimming plus size black corset underbust,1005002360027684,https://ae01.alicdn.com/kf/Hfef2ae798da94c3a8254ba8ae7f8a83aA/sexy-bustier-corset-top-women-corset-for-slimming-plus-size-black-corset-underbust.jpg_220x220.jpg,"https://ae04.alicdn.com/kf/Hfef2ae798da94c3a8254ba8ae7f8a83aA.jpg,https://ae04.alicdn.com/kf/Hd34c4410b2f64b5985b2fac73fa5949dH.jpg,https://ae04.alicdn.com/kf/H6f84d6d678c9499e9051682fe488aa66o.jpg,https://ae04.alicdn.com/kf/Hff4fbff1b99d488f84853ac56569b347M.jpg,https://ae04.alicdn.com/kf/H04100d95ce2a4f269c56b29c4a1c7189n.jpg,",https://www.aliexpress.com/item/1005002360027684.html,23.59,11.80,40.00%,2098-12-31,50%,https://s.click.aliexpress.com/e/_99C5Dm
Women's Intimates,200000349,3 Pcs/Set Sexy Seamless Cotton Underwear Women Panty Soft Panties For Female Skin-friendly Panty Comfort Lingerie Women's Briefs,1005002360059088,https://ae01.alicdn.com/kf/Hb274959130bc4158b4acc36706a436dfm/3-Pcs-Set-Sexy-Seamless-Cotton-Underwear-Women-Panty-Soft-Panties-For-Female-Skin-friendly-Panty.jpg_220x220.jpg,"https://ae04.alicdn.com/kf/Hb274959130bc4158b4acc36706a436dfm.jpg,https://ae04.alicdn.com/kf/Hf5776b40310844029ad11c83473b0ec30.jpg,https://ae04.alicdn.com/kf/H5545347cc83749e5b125817ed872c819V.jpg,https://ae04.alicdn.com/kf/H6accdf660421475f8a4bbbb447155bc1L.jpg,https://ae04.alicdn.com/kf/H7d5120ac8c4b4dddb4bf0d178698d7edn.jpg,",https://www.aliexpress.com/item/1005002360059088.html,15.17,7.59,40.00%,2098-12-31,50%,https://s.click.aliexpress.com/e/_AOPNBi
Women's Intimates,200000349,Female Women Swimsuit Pad Insert Breast Bra Enhancer Push Up Bikini Padded Inserts Chest Invisible Pad Intimates Accessories,1005002359732277,https://ae01.alicdn.com/kf/H41bf8e79cb1e44fdae655875546249122/Female-Women-Swimsuit-Pad-Insert-Breast-Bra-Enhancer-Push-Up-Bikini-Padded-Inserts-Chest-Invisible-Pad.jpg_220x220.jpg,"https://ae04.alicdn.com/kf/H41bf8e79cb1e44fdae655875546249122.jpg,https://ae04.alicdn.com/kf/Hc56e29f2793a4d8387798546ab3a6252x.jpg,https://ae04.alicdn.com/kf/H986b71b7ece44c3cb3c0a0380b39bfa6p.jpg,https://ae04.alicdn.com/kf/H9ab5e5af82744a96ba3feddef8c159a6A.jpg,https://ae04.alicdn.com/kf/Hd68e8b2bf8094665873a8e7d4fa27fcc9.jpg,",https://www.aliexpress.com/item/1005002359732277.html,8.79,4.40,40.00%,2098-12-31,50%,https://s.click.aliexpress.com/e/_Aoypzq
Women's Intimates,200000349,Sexy Bhs Frauen Sexy Unterwsche Schwarz Sexy DessousElastische Bh Riemchen Encaje,1005002359380622,https://ae01.alicdn.com/kf/Hccee6573d3074b77bffc43826774c076B/Sexy-Bhs-Frauen-Sexy-Unterwsche-Schwarz-Sexy-DessousElastische-Bh-Riemchen-Encaje.jpg_220x220.jpg,"https://ae04.alicdn.com/kf/Hccee6573d3074b77bffc43826774c076B.jpg,https://ae04.alicdn.com/kf/Hd008b0b73b7d4fc3a9f7c7f94c1c1747U.jpg,https://ae04.alicdn.com/kf/H06385c8f49b141ab970f8f560e39ac9cr.jpg,https://ae04.alicdn.com/kf/Hacabd1ac441545a5b0229952ac138a7az.jpg,https://ae04.alicdn.com/kf/H0130fa65b84244a2846d18bbb771f9297.jpg,",https://www.aliexpress.com/item/1005002359380622.html,7.45,3.73,40.00%,2098-12-31,50%,https://s.click.aliexpress.com/e/_AeSMq8
Women's Intimates,200000349,New Sweat Sauna Waist Trainer Neoprene-Free Body Shaper Belt Tummy Control Girdle Slimming Sheath Belly Reducing Women Shapewear,1005002359567208,https://ae01.alicdn.com/kf/Hfd9511e2437b4775bc0511c156a19aa29/New-Sweat-Sauna-Waist-Trainer-Neoprene-Free-Body-Shaper-Belt-Tummy-Control-Girdle-Slimming-Sheath-Belly.jpg_220x220.jpg,"https://ae04.alicdn.com/kf/Hfd9511e2437b4775bc0511c156a19aa29.jpg,https://ae04.alicdn.com/kf/H5df805966cd948789e21ab4445ddc0acu.jpg,https://ae04.alicdn.com/kf/Ha0d1b53ef7d14d41aa85ef139f29c5e6V.jpg,https://ae04.alicdn.com/kf/H58e34642f98e4e5b905065f456b49d74X.jpg,https://ae04.alicdn.com/kf/H44b96633780d4e1d8495de40423f165ai.jpg,",https://www.aliexpress.com/item/1005002359567208.html,18.32,10.99,15.00%,2098-12-31,40%,https://s.click.aliexpress.com/e/_AKFoWc
Women's Intimates,200000349,ZZSYKD Sexy Shop Full Slips Lingerie Femme Fishnet Stockings Pantyhose Lace See Through Petticoat Woman Sexy Intimates Clothing,1005002359879523,https://ae01.alicdn.com/kf/H577d88c7f20c4809b8008745d1a632d3k/ZZSYKD-Sexy-Shop-Full-Slips-Lingerie-Femme-Fishnet-Stockings-Pantyhose-Lace-See-Through-Petticoat-Woman-Sexy.jpg_220x220.jpg,"https://ae04.alicdn.com/kf/H577d88c7f20c4809b8008745d1a632d3k.jpg,https://ae04.alicdn.com/kf/Hed85a5d9c8b54279aa89755f79720859A.jpg,https://ae04.alicdn.com/kf/H151f0e2133cb49e08b242b688005a193N.jpg,https://ae04.alicdn.com/kf/H91935d004ca74116b2cefd4c99d8d838o.jpg,https://ae04.alicdn.com/kf/H75da37aba0e7477dbd0e5a52f4aceb25D.jpg,",https://www.aliexpress.com/item/1005002359879523.html,22.64,11.32,35.00%,2098-12-31,50%,https://s.click.aliexpress.com/e/_9gn6Za
Women's Intimates,200000349,Women's Corset Waist Trainer Modeling Strap Slimming Belt Faja Push Up Recover Postpartum Shapewear,1005002359715259,https://ae01.alicdn.com/kf/H8f2754014e054cf193492b2e4a6fac11y/Women-s-Corset-Waist-Trainer-Modeling-Strap-Slimming-Belt-Faja-Push-Up-Recover-Postpartum-Shapewear.jpg_220x220.jpg,"https://ae04.alicdn.com/kf/H8f2754014e054cf193492b2e4a6fac11y.jpg,https://ae04.alicdn.com/kf/H52d109f537af4d148db7d14986eba8d68.jpg,https://ae04.alicdn.com/kf/H5a0c560e0cb74e35978dd42ad843cb71F.jpg,https://ae04.alicdn.com/kf/H1108219f021b4137a5ca55e440e77758f.jpg,https://ae04.alicdn.com/kf/H74830360d96048d8ba1e6c3f890973deG.jpg,",https://www.aliexpress.com/item/1005002359715259.html,3.37,1.72,8.00%,2098-12-31,49%,https://s.click.aliexpress.com/e/_9I53fw
Women's Intimates,200000349,New Women Ladies Silicone Self Adhesive Seamless Wire Free Bras Magic Push Up Strapless Invisible Bras Backless Intimate Bras,1005002359623993,https://ae01.alicdn.com/kf/Hc0dd81130f994077bcb7e30e01f16fa2R/New-Women-Ladies-Silicone-Self-Adhesive-Seamless-Wire-Free-Bras-Magic-Push-Up-Strapless-Invisible-Bras.jpg_220x220.jpg,"https://ae04.alicdn.com/kf/Hc0dd81130f994077bcb7e30e01f16fa2R.jpg,https://ae04.alicdn.com/kf/H94a4218fe142416f9c6510de16b5177a7.jpg,https://ae04.alicdn.com/kf/Hc8e3e252ec604d70861ec3fa401ded166.jpg,https://ae04.alicdn.com/kf/H8c9bfbfc6bef4be5aa2500dea8cf1ee88.jpg,https://ae04.alicdn.com/kf/H4eeb499b24f54aa2adf86bacafcd5c8bo.jpg,",https://www.aliexpress.com/item/1005002359623993.html,6.02,3.01,40.00%,2098-12-31,50%,https://s.click.aliexpress.com/e/_A3t6aG
Women's Intimates,200000349,Amazing Women Lingerie G String Lace Underwear Female Bow Sexy T-Back Thong Lady Transparent Low Waist Panties,1005002358949590,https://ae01.alicdn.com/kf/H0bd37e7007284b4e96649028f55b9e77u/Amazing-Women-Lingerie-G-String-Lace-Underwear-Female-Bow-Sexy-T-Back-Thong-Lady-Transparent-Low.jpg_220x220.jpg,"https://ae04.alicdn.com/kf/H0bd37e7007284b4e96649028f55b9e77u.jpg,https://ae04.alicdn.com/kf/H7111463b4145449ca2a3120d4ce7c49fq.jpg,https://ae04.alicdn.com/kf/H1fe0f8b36a13415aa723472d891dfc26J.jpg,https://ae04.alicdn.com/kf/H97862527758d4e62a3f34723691552cbZ.jpg,https://ae04.alicdn.com/kf/Hf0258068d9e44b62a7fc8bb31d79b635o.jpg,",https://www.aliexpress.com/item/1005002358949590.html,8.65,4.33,40.00%,2098-12-31,50%,https://s.click.aliexpress.com/e/_AAOa3A
Women's Intimates,200000349,3 Pack ! Solid Ladies Women Seamless Panties Ice Silk Underwear G String Underpants Sexy Lingerie Briefs Hipster Intimates,1005002359028143,https://ae01.alicdn.com/kf/Heea2f2bf076b4ce89e75f31e7717d168j/3-Pack-Solid-Ladies-Women-Seamless-Panties-Ice-Silk-Underwear-G-String-Underpants-Sexy-Lingerie-Briefs.jpg_220x220.jpg,"https://ae04.alicdn.com/kf/Heea2f2bf076b4ce89e75f31e7717d168j.jpg,https://ae04.alicdn.com/kf/H2378b4aac2404e158fc5e4ca2e96b1fcp.jpg,https://ae04.alicdn.com/kf/Hd7c30c29c3834cf2b8282df6b9ad6677a.jpg,https://ae04.alicdn.com/kf/H67fddb0d151c48d7865fc25b3372db8b3.jpg,https://ae04.alicdn.com/kf/Hefedf049ed4442faa7234dc7886f4a050.jpg,",https://www.aliexpress.com/item/1005002359028143.html,7.48,3.74,40.00%,2098-12-31,50%,https://s.click.aliexpress.com/e/_Al4avw
Women's Intimates,200000349,Hot Sale Fashion Women Seamless Panties Ultra-thin Underwear Comfort Intimates Sexy Lingerie Low-Rise Female briefs,1005002359217204,https://ae01.alicdn.com/kf/He5733da6bca54fa09ca3bf32d8e4dff1Q/Hot-Sale-Fashion-Women-Seamless-Panties-Ultra-thin-Underwear-Comfort-Intimates-Sexy-Lingerie-Low-Rise-Female.jpg_220x220.jpg,"https://ae04.alicdn.com/kf/He5733da6bca54fa09ca3bf32d8e4dff1Q.jpg,https://ae04.alicdn.com/kf/H00d781a039534cb69612c050db8596b7U.jpg,https://ae04.alicdn.com/kf/Haa1f39a7da6c4c69b0f4767bf9bfd217q.jpg,https://ae04.alicdn.com/kf/H7fbd06f3333545aaab248de4a949fd01Z.jpg,https://ae04.alicdn.com/kf/H63e01ccb9b02435fa881b1da29d86c25U.jpg,",https://www.aliexpress.com/item/1005002359217204.html,8.93,4.47,40.00%,2098-12-31,50%,https://s.click.aliexpress.com/e/_A298U0
Women's Intimates,200000349,Back Crossing Bandage Hollow Out Sexy Panties Lace Edge Seamless Underwear Women Transparent Lingerie Solid Briefs Thong,1005002359220091,https://ae01.alicdn.com/kf/Hf79ebc4de98e4e97be549dcc2c990430g/Back-Crossing-Bandage-Hollow-Out-Sexy-Panties-Lace-Edge-Seamless-Underwear-Women-Transparent-Lingerie-Solid-Briefs.jpg_220x220.jpg,"https://ae04.alicdn.com/kf/Hf79ebc4de98e4e97be549dcc2c990430g.jpg,https://ae04.alicdn.com/kf/H127af1afe26744e7bd461002695209cfm.jpg,https://ae04.alicdn.com/kf/H277fcef3a3124c829d0488ece8a6dcf7R.jpg,https://ae04.alicdn.com/kf/H7bb88d72a05541feb47fb5dc61a16f48U.jpg,https://ae04.alicdn.com/kf/H467c61c2dcc4415987c8754dc0269315H.jpg,",https://www.aliexpress.com/item/1005002359220091.html,5.47,2.74,40.00%,2098-12-31,50%,https://s.click.aliexpress.com/e/_A9icHK
Women's Intimates,200000349,Seamless Panties Underwear Women High Waist Brief Hip Lift Underpanties Breathable Pants Sexy Lingerie Body Shaper Intimates,1005002359763408,https://ae01.alicdn.com/kf/H849388b3dab54b63a753ba6c66f95802Y/Seamless-Panties-Underwear-Women-High-Waist-Brief-Hip-Lift-Underpanties-Breathable-Pants-Sexy-Lingerie-Body-Shaper.jpg_220x220.jpg,"https://ae04.alicdn.com/kf/H849388b3dab54b63a753ba6c66f95802Y.jpg,https://ae04.alicdn.com/kf/Hd1d4a95dd36949ef84492561150700fd3.jpg,https://ae04.alicdn.com/kf/H9e5b4e7446c440bb8d6696ff7b72a09cy.jpg,https://ae04.alicdn.com/kf/H1cab5e762a9d4a2c8141b8442cc05ad0o.jpg,https://ae04.alicdn.com/kf/H1acf44391b7d4f609c66261db4deca76R.jpg,",https://www.aliexpress.com/item/1005002359763408.html,3.18,1.59,15.00%,2098-12-31,50%,https://s.click.aliexpress.com/e/_A9CBte
Women's Intimates,200000349,Sexy Underwear Slips Women Hollow Out Sexy Slip Femme Romantic Lingerie Lace Intimates Sexy Shop Hot Deep V Black Full Body Slip,1005002359883070,https://ae01.alicdn.com/kf/H116aee28f1814a4191eeb71c1e6e68c4G/Sexy-Underwear-Slips-Women-Hollow-Out-Sexy-Slip-Femme-Romantic-Lingerie-Lace-Intimates-Sexy-Shop-Hot.jpg_220x220.jpg,"https://ae04.alicdn.com/kf/H116aee28f1814a4191eeb71c1e6e68c4G.jpg,https://ae04.alicdn.com/kf/H4c5f148a05bf425786545ab7c86383a2Q.jpg,https://ae04.alicdn.com/kf/Ha760250f2766476fad47eba69b7bbb78l.jpg,https://ae04.alicdn.com/kf/H30ff4b6ef8d9489fb6a5a30b88de71baW.jpg,https://ae04.alicdn.com/kf/H4d14bc8d46464a548446da5baa8bd13b6.jpg,",https://www.aliexpress.com/item/1005002359883070.html,20.16,10.08,35.00%,2098-12-31,50%,https://s.click.aliexpress.com/e/_9HZq3W
Women's Intimates,200000349,Panties with Rhinestones Underwear Panties Women's Thong Women Sexy Lingerie Underpanties G String Girls Briefs Female Tanga,1005002359694801,https://ae01.alicdn.com/kf/Hf6f6c7dbcef443ebb26145068efe8b66K/Panties-with-Rhinestones-Underwear-Panties-Women-s-Thong-Women-Sexy-Lingerie-Underpanties-G-String-Girls-Briefs.jpg_220x220.jpg,"https://ae04.alicdn.com/kf/Hf6f6c7dbcef443ebb26145068efe8b66K.jpg,https://ae04.alicdn.com/kf/H2d6ede667448450b9a6fd416f19db6986.jpg,https://ae04.alicdn.com/kf/H65b6b8a2a7a44fe4bacbca8bea8fb72dx.jpg,https://ae04.alicdn.com/kf/Hee106104b81e4f3ab41efbcb569f429cp.jpg,https://ae04.alicdn.com/kf/Hfdfd37a47b7d41659ff53e05d84d2b49k.jpg,",https://www.aliexpress.com/item/1005002359694801.html,3.99,2.00,15.00%,2098-12-31,50%,https://s.click.aliexpress.com/e/_9IRpmo
Women's Intimates,200000349,Women Back Buckle Cotton Bra Wire Free Plus Size Underwear Women Big Size Bralette Unpadded Push Up Big Breast Underwear Bra,1005002359689862,https://ae01.alicdn.com/kf/Hcad72a22a0e84c9a8c7cc1dd7b4d70e6e/Women-Back-Buckle-Cotton-Bra-Wire-Free-Plus-Size-Underwear-Women-Big-Size-Bralette-Unpadded-Push.jpg_220x220.jpg,"https://ae04.alicdn.com/kf/Hcad72a22a0e84c9a8c7cc1dd7b4d70e6e.jpg,https://ae04.alicdn.com/kf/H4c166fa158a04beca4bacc71ce33426bG.jpg,https://ae04.alicdn.com/kf/H13fa5d814cab4b73a8cb5b8ea90db649u.jpg,https://ae04.alicdn.com/kf/Hdc74b09100c14494af3a65378ced91b1H.jpg,https://ae04.alicdn.com/kf/Hc80016e027684e6eaff27416890e1327f.jpg,",https://www.aliexpress.com/item/1005002359689862.html,6.98,3.49,15.00%,2098-12-31,50%,https://s.click.aliexpress.com/e/_A4dXPE
Women's Intimates,200000349,Fashion double layer mesh thin cloth push up women's tight bra birthday party sexy cut top vest women's navel bra,1005002359849136,https://ae01.alicdn.com/kf/Hfbfb57241cd54930a2b829f4da6c89bcN/Fashion-double-layer-mesh-thin-cloth-push-up-women-s-tight-bra-birthday-party-sexy-cut.jpg_220x220.jpg,"https://ae04.alicdn.com/kf/Hfbfb57241cd54930a2b829f4da6c89bcN.jpg,https://ae04.alicdn.com/kf/H5a39ae41e8124585ad472b826a2746b3Y.jpg,https://ae04.alicdn.com/kf/He8a2c525db1748148f1cb648b2bfb0aaA.jpg,https://ae04.alicdn.com/kf/H5253da9d6e0e40d68570bf2c3773ac1eG.jpg,https://ae04.alicdn.com/kf/H0f3b7e16b9124c659bf593af7695dabaE.jpg,",https://www.aliexpress.com/item/1005002359849136.html,35.30,15.88,10.00%,2098-12-31,55%,https://s.click.aliexpress.com/e/_AdIOus
Women's Intimates,200000349,Europe and the United States 2021 new ultra-thin sexy cut-out lace bra vest women's navel exposed short bra wrap chest,1005002359742966,https://ae01.alicdn.com/kf/Hf51521e735c74ad791a6f8b16656d3d5N/Europe-and-the-United-States-2021-new-ultra-thin-sexy-cut-out-lace-bra-vest-women.jpg_220x220.jpg,"https://ae04.alicdn.com/kf/Hf51521e735c74ad791a6f8b16656d3d5N.jpg,https://ae04.alicdn.com/kf/Hfe1b6f3989ac407e8634972fcdd3f0bf3.jpg,https://ae04.alicdn.com/kf/H5931d787468d46898c588605874976e0Y.jpg,https://ae04.alicdn.com/kf/H32916fa1a06746e9b48254c4a1c80d67Z.jpg,https://ae04.alicdn.com/kf/Hc3a35edfdaa3458797432410eb2cdec8B.jpg,",https://www.aliexpress.com/item/1005002359742966.html,37.50,16.87,10.00%,2098-12-31,55%,https://s.click.aliexpress.com/e/_A0wHF2
Women's Intimates,200000349,Women Deep V Bodysuit Waist Trainer Invisible Shaper Body Tummy Shapewear Faja Strap Backless Plunge Thong Push Up padded Bra,1005002359705439,https://ae01.alicdn.com/kf/H6e61559a8cf6410986241f9bb93a95dfT/Women-Deep-V-Bodysuit-Waist-Trainer-Invisible-Shaper-Body-Tummy-Shapewear-Faja-Strap-Backless-Plunge-Thong.jpg_220x220.jpg,"https://ae04.alicdn.com/kf/H6e61559a8cf6410986241f9bb93a95dfT.jpg,https://ae04.alicdn.com/kf/H21ed85c8073c42c887f9a844cfaf833ey.jpg,https://ae04.alicdn.com/kf/H5d8d935dc6bc4c46ad6e6ba09cf5d21ed.jpg,https://ae04.alicdn.com/kf/Hda12e0ca805b4086baaaba21f7dc14141.jpg,https://ae04.alicdn.com/kf/Ha05eed76643f4b4ea7628be44c097916p.jpg,",https://www.aliexpress.com/item/1005002359705439.html,16.84,8.42,40.00%,2098-12-31,50%,https://s.click.aliexpress.com/e/_AtP3DA
Women's Intimates,200000349,Beauty Back Sexy Women's Underwear Set Transparent Lace Push-up Bra and Panty Sets Female Brassiere Embroidery Lingerie Set,1005002359204131,https://ae01.alicdn.com/kf/H529f1a302c434bb0868b997f05dbccd6g/Beauty-Back-Sexy-Women-s-Underwear-Set-Transparent-Lace-Push-up-Bra-and-Panty-Sets-Female.jpg_220x220.jpg,"https://ae04.alicdn.com/kf/H529f1a302c434bb0868b997f05dbccd6g.jpg,https://ae04.alicdn.com/kf/H3dfd0531fd4c41f7868c6e81b193d6ac4.jpg,https://ae04.alicdn.com/kf/Hcb9be6fe9a0b4f3b95417bc55c1254dcy.jpg,https://ae04.alicdn.com/kf/Ha023cf2c05414266a7da25abfaf5b2ccU.jpg,https://ae04.alicdn.com/kf/H4927a2d2947647a18b83f97d57088ff5q.jpg,",https://www.aliexpress.com/item/1005002359204131.html,8.51,4.26,40.00%,2098-12-31,50%,https://s.click.aliexpress.com/e/_APUwoY
Women's Intimates,200000349,Top Women slips Transparent Mesh Bodystockings Bodycon Sexy Underwear Dress ropa interior femenina femme Fishing net sex,1005002359846698,https://ae01.alicdn.com/kf/H6c5d0b49821e44288fcdca8781471a53L/Top-Women-slips-Transparent-Mesh-Bodystockings-Bodycon-Sexy-Underwear-Dress-ropa-interior-femenina-femme-Fishing-net.jpg_220x220.jpg,"https://ae04.alicdn.com/kf/H6c5d0b49821e44288fcdca8781471a53L.jpg,https://ae04.alicdn.com/kf/H7d1ba460513141c5bb35cb509bf76a36E.jpg,https://ae04.alicdn.com/kf/H48f31e8f279146c6a7389064e5f530a8u.jpg,https://ae04.alicdn.com/kf/Hc51a5fadd793425e8f83d51646ddcf61G.jpg,https://ae04.alicdn.com/kf/H8e4100ccf252473989a1485c9af13af5V.jpg,",https://www.aliexpress.com/item/1005002359846698.html,26.82,13.41,35.00%,2098-12-31,50%,https://s.click.aliexpress.com/e/_AFyBR2
Women's Intimates,200000349,Embroidery Heart Lace Panties Sex Thongs String Hot Sexy Transparent Underwear for Women Hollow Out Seamless Briefs Lingerie,1005002359080875,https://ae01.alicdn.com/kf/Hf2aca1664a7240eaab2984dc2609a7f77/Embroidery-Heart-Lace-Panties-Sex-Thongs-String-Hot-Sexy-Transparent-Underwear-for-Women-Hollow-Out-Seamless.jpg_220x220.jpg,"https://ae04.alicdn.com/kf/Hf2aca1664a7240eaab2984dc2609a7f77.jpg,https://ae04.alicdn.com/kf/H62c16a2b63b847d0a6e148afb84814dfG.jpg,https://ae04.alicdn.com/kf/H2def8e4ae9954cd59c31a5ba1a57acd98.jpg,https://ae04.alicdn.com/kf/H79e669e60cfe42bf82395425963e4dad7.jpg,https://ae04.alicdn.com/kf/H9da0cbf9c1174dfcb6e7bbbc9b82209f5.jpg,",https://www.aliexpress.com/item/1005002359080875.html,9.24,4.62,40.00%,2098-12-31,50%,https://s.click.aliexpress.com/e/_9AJfAs
Women's Intimates,200000349,Cotton lining skirt anti stati transparent half length underskirt for dress bottom safety skirt Hanfu petticoat thin half slip,1005002359833625,https://ae01.alicdn.com/kf/H3e63eabfc83643379f3b50915695eeca9/Cotton-lining-skirt-anti-stati-transparent-half-length-underskirt-for-dress-bottom-safety-skirt-Hanfu-petticoat.jpg_220x220.jpg,"https://ae04.alicdn.com/kf/H3e63eabfc83643379f3b50915695eeca9.jpg,https://ae04.alicdn.com/kf/H1ae32e99ccc341f0af32f84ea61ed2e2d.jpg,https://ae04.alicdn.com/kf/H1c2b8e971d6b407584e1f4e88aee56a1d.jpg,https://ae04.alicdn.com/kf/Haae62aa635864ad89efe05af9f70c5191.jpg,",https://www.aliexpress.com/item/1005002359833625.html,31.92,15.96,35.00%,2098-12-31,50%,https://s.click.aliexpress.com/e/_9yKwIG
Women's Intimates,200000349,Women's Cotton Underwear Sexy Lace Panties Med Waist Seamless Briefs Plus Size Fashion Invisible Underpants Female Sexy Lingerie,1005002359901925,https://ae01.alicdn.com/kf/H2948b1fdee4247b99e1c2fb9a298680bx/Women-s-Cotton-Underwear-Sexy-Lace-Panties-Med-Waist-Seamless-Briefs-Plus-Size-Fashion-Invisible-Underpants.jpg_220x220.jpg,"https://ae04.alicdn.com/kf/H2948b1fdee4247b99e1c2fb9a298680bx.jpg,https://ae04.alicdn.com/kf/Ha46493d853e54ea7937c8fa67f2466cbN.jpg,https://ae04.alicdn.com/kf/H7dc1978610ff40869830afde7b49c6c4K.jpg,https://ae04.alicdn.com/kf/H1798c2bf6f9d4c79bf33cca2327fa4b51.jpg,https://ae04.alicdn.com/kf/Ha888266886df474b80f5ad5d688a56a4G.jpg,",https://www.aliexpress.com/item/1005002359901925.html,3.65,1.86,8.00%,2098-12-31,49%,https://s.click.aliexpress.com/e/_AXaO2k
Women's Intimates,200000349,2021 Women Cotton Underwear Panties Sexy Solid Panties Mid Waist Seamless Comfort Briefs Girls Lovely Underwear Female Lingerie,1005002359919268,https://ae01.alicdn.com/kf/H04bd25944ba54ee6aea8a4f0acd39b32I/2021-Women-Cotton-Underwear-Panties-Sexy-Solid-Panties-Mid-Waist-Seamless-Comfort-Briefs-Girls-Lovely-Underwear.jpg_220x220.jpg,"https://ae04.alicdn.com/kf/H04bd25944ba54ee6aea8a4f0acd39b32I.jpg,https://ae04.alicdn.com/kf/Hc3f7d0a7eacd48c487d3da533022c27bn.jpg,https://ae04.alicdn.com/kf/H24ac0acb50484aa2baab8262cc40313aS.jpg,https://ae04.alicdn.com/kf/H02ab9b7312334257ba8700349543d4ea7.jpg,https://ae04.alicdn.com/kf/Hb5a97d97dc0845fba0c568c52ff978d4d.jpg,",https://www.aliexpress.com/item/1005002359919268.html,3.73,1.90,8.00%,2098-12-31,49%,https://s.click.aliexpress.com/e/_9zeu5E
Women's Intimates,200000349,Women's Underwear Sexy Lace Panties Fashion Flower Hollowed Out Briefs Mid Waist Seamless Underpants Female Invisible Lingerie,1005002359692726,https://ae01.alicdn.com/kf/H00da6a0a729545bfaac0ab85a3d31ca5Q/Women-s-Underwear-Sexy-Lace-Panties-Fashion-Flower-Hollowed-Out-Briefs-Mid-Waist-Seamless-Underpants-Female.jpg_220x220.jpg,"https://ae04.alicdn.com/kf/H00da6a0a729545bfaac0ab85a3d31ca5Q.jpg,https://ae04.alicdn.com/kf/H4014154f5e7649c0b81e8d7150f842e3e.jpg,https://ae04.alicdn.com/kf/Heba44ae80a0e40cb90d058458528649f9.jpg,https://ae04.alicdn.com/kf/H46ade2d3905d4769a315cc03888708b0O.jpg,https://ae04.alicdn.com/kf/H17e43c0ef95e44aa9a55baffe1a60946K.jpg,",https://www.aliexpress.com/item/1005002359692726.html,6.64,3.39,8.00%,2098-12-31,49%,https://s.click.aliexpress.com/e/_9zgHhO
Women's Intimates,200000349,Sexy Women Lace side Underwear Seamless Breathable Briefs Nylon for Girls Ladies Cotton Crotch Solid Color Lingerie,1005002359185161,https://ae01.alicdn.com/kf/H33c61b7541714602b269958f27ff4eb1g/Sexy-Women-Lace-side-Underwear-Seamless-Breathable-Briefs-Nylon-for-Girls-Ladies-Cotton-Crotch-Solid-Color.jpg_220x220.jpg,"https://ae04.alicdn.com/kf/H33c61b7541714602b269958f27ff4eb1g.jpg,https://ae04.alicdn.com/kf/H104577b2950042898330704d77c29248c.jpg,https://ae04.alicdn.com/kf/H3ffbebf46d5a4cde91f3b36afce63132T.jpg,https://ae04.alicdn.com/kf/H5db3e48d40b5467eba07ee672bc81a2ds.jpg,https://ae04.alicdn.com/kf/Hf494e0a69c644b89baae23dc570a6e95F.jpg,",https://www.aliexpress.com/item/1005002359185161.html,9.77,4.89,40.00%,2098-12-31,50%,https://s.click.aliexpress.com/e/_AKHmcs
Women's Intimates,200000349,High Quality Women's Seamless Panties Solid Ultra-thin Underwear Women's Sexy Low-Rise Ruffles Briefs Lingerie Underpants New,1005002359154427,https://ae01.alicdn.com/kf/H592ab28253a24f2da4d28c8ddb122933j/High-Quality-Women-s-Seamless-Panties-Solid-Ultra-thin-Underwear-Women-s-Sexy-Low-Rise-Ruffles.jpg_220x220.jpg,"https://ae04.alicdn.com/kf/H592ab28253a24f2da4d28c8ddb122933j.jpg,https://ae04.alicdn.com/kf/H5f7dc213046c40e1b91805122283a9dao.jpg,https://ae04.alicdn.com/kf/Hd61dcc1bace34c6696c148adc7ee099f8.jpg,https://ae04.alicdn.com/kf/Hec2a1a96545f4f38883b1019f50a584fK.jpg,https://ae04.alicdn.com/kf/Hcf401df595cf420db2eadd54071bbe44H.jpg,",https://www.aliexpress.com/item/1005002359154427.html,12.29,6.15,40.00%,2098-12-31,50%,https://s.click.aliexpress.com/e/_AkYdNW
Women's Intimates,200000349,Plus Size S/XL Fashion High Quality Women's Panties Transparent Underwear Women Lace Soft Briefs Sexy Lingerie Intimates,1005002359166495,https://ae01.alicdn.com/kf/H60214a9866f9421d9b6c302d3e485f3dR/Plus-Size-S-XL-Fashion-High-Quality-Women-s-Panties-Transparent-Underwear-Women-Lace-Soft-Briefs.jpg_220x220.jpg,"https://ae04.alicdn.com/kf/H60214a9866f9421d9b6c302d3e485f3dR.jpg,https://ae04.alicdn.com/kf/Hd6f6a9a80ff143c2ab5c8c5a09d1d1d0b.jpg,https://ae04.alicdn.com/kf/H660d89e9af594b8ebf62b6bb42bf02e20.jpg,https://ae04.alicdn.com/kf/H01f2aca4cc1d4419855acdd22552030fK.jpg,https://ae04.alicdn.com/kf/H3953161fb0fd44ad96518002bf27fbd6d.jpg,",https://www.aliexpress.com/item/1005002359166495.html,4.45,2.23,40.00%,2098-12-31,50%,https://s.click.aliexpress.com/e/_AX8LA0
Women's Intimates,200000349,4 Pcs Sexy Women Cotton G String Thongs Low Waist Seamless Female Underpants Comfortable Ladies Underwear Lingerie,1005002359166472,https://ae01.alicdn.com/kf/H92e03da55e1a47299f91299793be0898n/4-Pcs-Sexy-Women-Cotton-G-String-Thongs-Low-Waist-Seamless-Female-Underpants-Comfortable-Ladies-Underwear.jpg_220x220.jpg,"https://ae04.alicdn.com/kf/H92e03da55e1a47299f91299793be0898n.jpg,https://ae04.alicdn.com/kf/H83b69c106c38498abe9fed32aec3d9fdL.jpg,https://ae04.alicdn.com/kf/H25fc4bf8a6ed41598f699824677b685dH.jpg,https://ae04.alicdn.com/kf/H7d10b5fe227447f1bfa369aea6fc90583.jpg,https://ae04.alicdn.com/kf/Ha2ec6c1db0e241a98ca8bffa6e7a571eO.jpg,",https://www.aliexpress.com/item/1005002359166472.html,10.33,5.17,40.00%,2098-12-31,50%,https://s.click.aliexpress.com/e/_AWq0jI
Women's Intimates,200000349,Women's Underwear Sexy Lace Panties Fashion Hollow Out Briefs Ice Seamless Underpants Low Waist Comfort Solid Color Lingerie,1005002359683184,https://ae01.alicdn.com/kf/Hbaa246d9d8ab4e4986058ee70230f58ed/Women-s-Underwear-Sexy-Lace-Panties-Fashion-Hollow-Out-Briefs-Ice-Seamless-Underpants-Low-Waist-Comfort.jpg_220x220.jpg,"https://ae04.alicdn.com/kf/Hbaa246d9d8ab4e4986058ee70230f58ed.jpg,https://ae04.alicdn.com/kf/H2579a68c04f2427884401ceb339f064bf.jpg,https://ae04.alicdn.com/kf/H68cfcc63051542c0bea3ae3c510ca912X.jpg,https://ae04.alicdn.com/kf/Hdff465db0cf64614a90e49ae201372e7f.jpg,https://ae04.alicdn.com/kf/H121a7f3a662a48c0817a6442b758a167R.jpg,",https://www.aliexpress.com/item/1005002359683184.html,4.92,2.51,8.00%,2098-12-31,49%,https://s.click.aliexpress.com/e/_Adk1Mc
Women's Intimates,200000349,Fashion Women's Sexy Lace Panties Seamless Underwear Leopard Ice Silk for Girl Bikini Cotton Crotch Transparent Lingerie,1005002359244037,https://ae01.alicdn.com/kf/Hebd4acadf2b142ec887221000709d5a0X/Fashion-Women-s-Sexy-Lace-Panties-Seamless-Underwear-Leopard-Ice-Silk-for-Girl-Bikini-Cotton-Crotch.jpg_220x220.jpg,"https://ae04.alicdn.com/kf/Hebd4acadf2b142ec887221000709d5a0X.jpg,https://ae04.alicdn.com/kf/H4761b8b4546d48cca4ba16342c5925fc9.jpg,https://ae04.alicdn.com/kf/Hd15f93158b03471d98bed598f29b9bb96.jpg,https://ae04.alicdn.com/kf/H4c7579df1fa84fe1b4870ebf4c7d262a2.jpg,https://ae04.alicdn.com/kf/Hb647b58e22254b828df240a4f6beb710c.jpg,",https://www.aliexpress.com/item/1005002359244037.html,8.12,4.06,40.00%,2098-12-31,50%,https://s.click.aliexpress.com/e/_A0oJ8y
Women's Intimates,200000349,Cotton Women's Underwear Comfortable Seamless Underpants Embroidery Badge Panties Solid Lingerie Mid Waist Girls Briefs,1005002358925856,https://ae01.alicdn.com/kf/Hf2f48524566647188be5a14565c8c2b9a/Cotton-Women-s-Underwear-Comfortable-Seamless-Underpants-Embroidery-Badge-Panties-Solid-Lingerie-Mid-Waist-Girls-Briefs.jpg_220x220.jpg,"https://ae04.alicdn.com/kf/Hf2f48524566647188be5a14565c8c2b9a.jpg,https://ae04.alicdn.com/kf/He59465131ce54d068b10f0c207593611f.jpg,https://ae04.alicdn.com/kf/Hb92d770ebc27440893232a79d570d806h.jpg,https://ae04.alicdn.com/kf/H93a0795ff675471abf5d16861bb47933G.jpg,https://ae04.alicdn.com/kf/H5c2e8ea565fc4339b852639e3fd6da49A.jpg,",https://www.aliexpress.com/item/1005002358925856.html,8.32,4.16,40.00%,2098-12-31,50%,https://s.click.aliexpress.com/e/_9fT9k8
Women's Intimates,200000349,Love Print Lady Lingerie Sexy Sport Panties Women's Underwear Seamless Silk Satin Briefs Mid Waist Female Health Comfort Panty,1005002345675984,https://ae01.alicdn.com/kf/Hffca3e111d7a4bcd95e3b586bc048207p/Love-Print-Lady-Lingerie-Sexy-Sport-Panties-Women-s-Underwear-Seamless-Silk-Satin-Briefs-Mid-Waist.jpg_220x220.jpg,"https://ae04.alicdn.com/kf/Hffca3e111d7a4bcd95e3b586bc048207p.jpg,https://ae04.alicdn.com/kf/H9ddb5b4e6f1a47b6a3aedce964c867e1v.jpg,https://ae04.alicdn.com/kf/H93c1bb6ea9634b65b5ff9df07f71225bD.jpg,https://ae04.alicdn.com/kf/H96c172c7b5984797a2ace344e70ab7752.jpg,https://ae04.alicdn.com/kf/H9e98666b4c214f949e21885a69e3ac98x.jpg,",https://www.aliexpress.com/item/1005002345675984.html,9.99,5.00,8.00%,2098-12-31,50%,https://s.click.aliexpress.com/e/_AdzlCG
Women's Intimates,200000349,High Quality Silk Satin Briefs Sport Panties Femme Sexy Underwear Seamless Mid Waist Woman Intimates Comfort Lady Lingerie Panty,1005002345153991,https://ae01.alicdn.com/kf/H32eb6e3e2a7740078ecd92e0544dc95bi/High-Quality-Silk-Satin-Briefs-Sport-Panties-Femme-Sexy-Underwear-Seamless-Mid-Waist-Woman-Intimates-Comfort.jpg_220x220.jpg,"https://ae04.alicdn.com/kf/H32eb6e3e2a7740078ecd92e0544dc95bi.jpg,https://ae04.alicdn.com/kf/H0937e375b2f6473fb879dd76ec279a7fP.jpg,https://ae04.alicdn.com/kf/Hea538b254ee44c8eb9136678bfead5bbs.jpg,https://ae04.alicdn.com/kf/H5818c336fa2a4b7fb6b5899e325a945fV.jpg,https://ae04.alicdn.com/kf/H464ca9035f8448c092f9322de6719403y.jpg,",https://www.aliexpress.com/item/1005002345153991.html,9.99,5.00,8.00%,2098-12-31,50%,https://s.click.aliexpress.com/e/_9ILRQs
Women's Intimates,200000349,Sexy Lace Panties Women's Sexy Lingerie Mesh Silk Cotton Lingerie Mid Waist Sport Panty Female Underwear Seamless Bow Underpants,1005002346261199,https://ae01.alicdn.com/kf/H1d0558076a324d18b05bab86318aedc5g/Sexy-Lace-Panties-Women-s-Sexy-Lingerie-Mesh-Silk-Cotton-Lingerie-Mid-Waist-Sport-Panty-Female.jpg_220x220.jpg,"https://ae04.alicdn.com/kf/H1d0558076a324d18b05bab86318aedc5g.jpg,https://ae04.alicdn.com/kf/H8a1264c36b6d44258cd66891ea3801fdW.jpg,https://ae04.alicdn.com/kf/H6f621a3a3f304acf9f5dfd7339ad374aW.jpg,https://ae04.alicdn.com/kf/H89713da5a30447c58a5558a10a1e9252T.jpg,https://ae04.alicdn.com/kf/H3d8f94dc81f34be681f0a9247f826464R.jpg,",https://www.aliexpress.com/item/1005002346261199.html,29.96,14.98,8.00%,2098-12-31,50%,https://s.click.aliexpress.com/e/_9y1ZB2
Women's Intimates,200000349,4PCS/lot Ladies Underwear Soft Silk Female Underpants Comfort Knickers Seamless Panties Sexy Lingerie Women's Safety Short Pants,1005002344902153,https://ae01.alicdn.com/kf/H7b6cb2ee82b14a699c34f676f7996abf8/4PCS-lot-Ladies-Underwear-Soft-Silk-Female-Underpants-Comfort-Knickers-Seamless-Panties-Sexy-Lingerie-Women-s.jpg_220x220.jpg,"https://ae04.alicdn.com/kf/H7b6cb2ee82b14a699c34f676f7996abf8.jpg,https://ae04.alicdn.com/kf/H3737dd209c4648aca8b4ef4c85f1321fk.jpg,https://ae04.alicdn.com/kf/H66a6e9d7630343eaa0b96b5758c61104Z.jpg,https://ae04.alicdn.com/kf/H2ddeb1c7a7734aab8fa82836138ff6aay.jpg,https://ae04.alicdn.com/kf/H202d7d94d5574e4ba4828cc63b065ffcH.jpg,",https://www.aliexpress.com/item/1005002344902153.html,9.99,5.00,8.00%,2098-12-31,50%,https://s.click.aliexpress.com/e/_9zlWTW
Women's Intimates,200000349,Femme Underpants Comfort Panties Sexy Underwear Seamless Silk Briefs Low Waist Woman Sport Panty Mid Waist Lady Lingerie Tanga,1005002345944482,https://ae01.alicdn.com/kf/H01e1517a423942e382553672dac4c6a30/Femme-Underpants-Comfort-Panties-Sexy-Underwear-Seamless-Silk-Briefs-Low-Waist-Woman-Sport-Panty-Mid-Waist.jpg_220x220.jpg,"https://ae04.alicdn.com/kf/H01e1517a423942e382553672dac4c6a30.jpg,https://ae04.alicdn.com/kf/H769443e0b1ce4eb7a689e90c7dc0a9c9h.jpg,https://ae04.alicdn.com/kf/Hb0a59e57c32b4748b260a2118b06c2c5d.jpg,https://ae04.alicdn.com/kf/H56f12aa69bf84d4c94659ff45cfc6794C.jpg,https://ae04.alicdn.com/kf/He802d91b2b504f3fae2acf643c626b33t.jpg,",https://www.aliexpress.com/item/1005002345944482.html,9.99,5.00,8.00%,2098-12-31,50%,https://s.click.aliexpress.com/e/_AtVRsk
Women's Intimates,200000349,Tube Mesh Crop Top 2021 Women Sexy Summer Bandage Short Waist Wrap Lace Up Breasted Corset White Tank Tops Tube Top Chest,1005002359432944,https://ae01.alicdn.com/kf/Hffb0605bdaac4c36ac4f76a0e9384decO/Tube-Mesh-Crop-Top-2021-Women-Sexy-Summer-Bandage-Short-Waist-Wrap-Lace-Up-Breasted-Corset.jpg_220x220.jpg,"https://ae04.alicdn.com/kf/Hffb0605bdaac4c36ac4f76a0e9384decO.jpg,https://ae04.alicdn.com/kf/Hb035a2e934ad402596fefd05252fd405k.jpg,https://ae04.alicdn.com/kf/He795945622cb4b479f01d7e1d6ae922fs.jpeg,https://ae04.alicdn.com/kf/H5ec8876d05014e16bb1b2d2bc4d74f725.jpeg,https://ae04.alicdn.com/kf/H7cc69486156d40778ce8f28b7b84a4a0Q.jpeg,",https://www.aliexpress.com/item/1005002359432944.html,7.96,4.78,8.00%,2098-12-31,40%,https://s.click.aliexpress.com/e/_9AQNyG
Women's Intimates,200000349,Dslr Korean Plus Fat XL Cotton High-Waist Panties High-Waist Abdomen And Hip Panties Women's Cotton High-Waist Panties,1005002358412905,https://ae01.alicdn.com/kf/H53ebf8baea8546268abfbee2ac613b54i/Dslr-Korean-Plus-Fat-XL-Cotton-High-Waist-Panties-High-Waist-Abdomen-And-Hip-Panties-Women.jpg_220x220.jpg,"https://ae04.alicdn.com/kf/H53ebf8baea8546268abfbee2ac613b54i.jpg,https://ae04.alicdn.com/kf/Hbcdc1364cb3c468c8c4d2bc426dbf1abM.jpg,https://ae04.alicdn.com/kf/H8d470fb022434ea7be217567925f3515E.jpg,https://ae04.alicdn.com/kf/Hf91a7d55f692409e8a4756a551a7e06aY.jpg,https://ae04.alicdn.com/kf/Hd2f2f567dfb041768bafcdfeb5d860eaG.jpg,",https://www.aliexpress.com/item/1005002358412905.html,7.85,3.93,8.00%,2098-12-31,50%,https://s.click.aliexpress.com/e/_AFsIhK
Women's Intimates,200000349,Dslr Pure Cotton Panties Ladies Sexy Panties Jacquard Briefs Postpartum Abdomen Buttocks High Waist Seamless Panties,1005002359207775,https://ae01.alicdn.com/kf/H9a8c8a5e350d4577bbacb9f1a812e555U/Dslr-Pure-Cotton-Panties-Ladies-Sexy-Panties-Jacquard-Briefs-Postpartum-Abdomen-Buttocks-High-Waist-Seamless-Panties.jpg_220x220.jpg,"https://ae04.alicdn.com/kf/H9a8c8a5e350d4577bbacb9f1a812e555U.jpg,https://ae04.alicdn.com/kf/H414a7536f40c4f87b6d92370d3451778z.jpg,https://ae04.alicdn.com/kf/H4f062cd446ee4fbba8d583aeb0bfd7abW.jpg,https://ae04.alicdn.com/kf/H438f6ca9ebd747c6b622d785e09c23d18.jpg,https://ae04.alicdn.com/kf/H4f2e615fafe64b04a07aa7d98ccca1c04.jpg,",https://www.aliexpress.com/item/1005002359207775.html,8.07,4.04,8.00%,2098-12-31,50%,https://s.click.aliexpress.com/e/_AXDk0Y
Women's Intimates,200000349,6 Pcs/Lot Hot Sale 2021 Good Quality Women Underwear Cotton Solid Color Brief Panties M L XL 9173,1005002358034082,https://ae01.alicdn.com/kf/Hdcae6c34761f49c5901de180ea09f86dD/6-Pcs-Lot-Hot-Sale-2021-Good-Quality-Women-Underwear-Cotton-Solid-Color-Brief-Panties-M.jpg_220x220.jpg,"https://ae04.alicdn.com/kf/Hdcae6c34761f49c5901de180ea09f86dD.jpg,https://ae04.alicdn.com/kf/H19b4f9847e4846208df0883281cd361ad.jpg,https://ae04.alicdn.com/kf/H3b4e2fc8c02341cca8060f5550b6aabbJ.jpg,https://ae04.alicdn.com/kf/Hae9ac967c7634f7d903dbf7e00513a6b4.jpg,https://ae04.alicdn.com/kf/Hf3de19507759457db4c066863968eec79.jpg,",https://www.aliexpress.com/item/1005002358034082.html,23.32,11.66,40.00%,2098-12-31,50%,https://s.click.aliexpress.com/e/_A2GKiy
Women's Intimates,200000349,Cotton Panties Female Underpants Sexy Pantie Briefs For Women Seamless Sexy Underwear Comfort Brief Ladies Lingerie Large size,1005002358926405,https://ae01.alicdn.com/kf/H41b65bb765874e65bc0370d33140bc897/Cotton-Panties-Female-Underpants-Sexy-Pantie-Briefs-For-Women-Seamless-Sexy-Underwear-Comfort-Brief-Ladies-Lingerie.jpg_220x220.jpg,"https://ae04.alicdn.com/kf/H41b65bb765874e65bc0370d33140bc897.jpg,https://ae04.alicdn.com/kf/Hdf21b572b62041c9b7d629096419a4265.jpg,https://ae04.alicdn.com/kf/H585d7cde23f94c18b4506b21082011a8W.jpg,https://ae04.alicdn.com/kf/H6d166462fca9420984d5de10e7f63dbec.jpg,https://ae04.alicdn.com/kf/H227bb80697f8489f97916063935a5341j.jpg,",https://www.aliexpress.com/item/1005002358926405.html,8.37,4.19,40.00%,2098-12-31,50%,https://s.click.aliexpress.com/e/_A9uhdI
Women's Intimates,200000349,2Pcs/lot High Waist Panties Underwear Women Seamless Brief Hip Lift Underpanties Breathable Pant Sexy Lingerie M-XXL Body Shaper,1005002358863975,https://ae01.alicdn.com/kf/H58b5871f9d2041268066d374080db52fa/2Pcs-lot-High-Waist-Panties-Underwear-Women-Seamless-Brief-Hip-Lift-Underpanties-Breathable-Pant-Sexy-Lingerie.jpg_220x220.jpg,"https://ae04.alicdn.com/kf/H58b5871f9d2041268066d374080db52fa.jpg,https://ae04.alicdn.com/kf/Hcf46c1d1c8334c5793c6944ab540609eW.jpg,https://ae04.alicdn.com/kf/Hd03fd389dc7f479db1a3cda01e22df68A.jpg,https://ae04.alicdn.com/kf/H2cbd8213dd184ddf9373a08ef7462c03e.jpg,https://ae04.alicdn.com/kf/Hff08f555b83043fb8f909427538bb1c0M.jpg,",https://www.aliexpress.com/item/1005002358863975.html,9.21,4.61,40.00%,2098-12-31,50%,https://s.click.aliexpress.com/e/_9f6LLE
Women's Intimates,200000349,Dslr Women's Underwear Sexy Cotton Mid-Waist Lace Panties Cotton Seamless Panties Ladies Seamless Panties,1005002359372098,https://ae01.alicdn.com/kf/H39a8f8a56a3a42d98b826737caaf745ew/Dslr-Women-s-Underwear-Sexy-Cotton-Mid-Waist-Lace-Panties-Cotton-Seamless-Panties-Ladies-Seamless-Panties.jpg_220x220.jpg,"https://ae04.alicdn.com/kf/H39a8f8a56a3a42d98b826737caaf745ew.jpg,https://ae04.alicdn.com/kf/He6d9e3b76dcb4a25a8824fdef8adc862A.jpg,https://ae04.alicdn.com/kf/Hf64d9e32bf2640d295225ec0f475c763L.jpg,https://ae04.alicdn.com/kf/H03213485c6cd433899101831d773a062s.jpg,https://ae04.alicdn.com/kf/H23a9dae1154e4c538d97d734d4497e0aA.jpg,",https://www.aliexpress.com/item/1005002359372098.html,7.05,3.53,8.00%,2098-12-31,50%,https://s.click.aliexpress.com/e/_A0rVxK
Women's Intimates,200000349,3pcs Thong Panties Seamless Silk Underwear Brief Sexy Tanga Lingerie Women G String Thongs Panty Breeches Briefs,1005002358977374,https://ae01.alicdn.com/kf/H85978828115d4f5ebd549944562b4b8fq/3pcs-Thong-Panties-Seamless-Silk-Underwear-Brief-Sexy-Tanga-Lingerie-Women-G-String-Thongs-Panty-Breeches.jpg_220x220.jpg,"https://ae04.alicdn.com/kf/H85978828115d4f5ebd549944562b4b8fq.jpg,https://ae04.alicdn.com/kf/H3bdc4570ad874b96b1b9c5f652b12edbC.jpg,https://ae04.alicdn.com/kf/H165e556acaa34aa2b48cde8d85a38fd4x.jpg,https://ae04.alicdn.com/kf/He0d7eaea13b54427aa9b83acf4774d4du.jpg,https://ae04.alicdn.com/kf/Hd23607d81bc94262a6ac2f1cde27fee9t.jpg,",https://www.aliexpress.com/item/1005002358977374.html,12.10,6.05,40.00%,2098-12-31,50%,https://s.click.aliexpress.com/e/_AswbvI
Women's Intimates,200000349,Seamless Panties Underwear Women High Waist Brief Hip Lift Underpanties Breathable Pant Sexy Lingerie M-XL Body Shaper,1005002358990379,https://ae01.alicdn.com/kf/Hc8995ba7ca884b43a38165ae259a1207W/Seamless-Panties-Underwear-Women-High-Waist-Brief-Hip-Lift-Underpanties-Breathable-Pant-Sexy-Lingerie-M-XL.jpg_220x220.jpg,"https://ae04.alicdn.com/kf/Hc8995ba7ca884b43a38165ae259a1207W.jpg,https://ae04.alicdn.com/kf/Heb531340e9d2484c944129bf3999fa73G.jpg,https://ae04.alicdn.com/kf/He0d206d5d81e4a8cb49bbccfbd7f3449J.jpg,https://ae04.alicdn.com/kf/Hb405e45d64cf423ea4464eb4b9bf7443g.jpg,https://ae04.alicdn.com/kf/H14618678e7f2461eb6856eeb31af2d73Z.jpg,",https://www.aliexpress.com/item/1005002358990379.html,5.15,2.58,40.00%,2098-12-31,50%,https://s.click.aliexpress.com/e/_Ad3n60
Women's Intimates,200000349,Dslr Threaded low-Rise Cotton Underwear Sexy Low-Rise Cotton Underwear Female Japanese Solid Color Girl Underwear,1005002358809997,https://ae01.alicdn.com/kf/H76c449d8ed8643afad387acc6a00db01C/Dslr-Threaded-low-Rise-Cotton-Underwear-Sexy-Low-Rise-Cotton-Underwear-Female-Japanese-Solid-Color-Girl.jpg_220x220.jpg,"https://ae04.alicdn.com/kf/H76c449d8ed8643afad387acc6a00db01C.jpg,https://ae04.alicdn.com/kf/Hf3d2251cb4ee47beabf42f736cf05f329.jpg,https://ae04.alicdn.com/kf/H12fd9a069bb44916938b1f9608bece71p.jpg,https://ae04.alicdn.com/kf/H3821bd6ae97e4c1481da4a33484d8834V.jpg,https://ae04.alicdn.com/kf/H77ea36b9e8c742ac805f7745a8d6bffcD.jpg,",https://www.aliexpress.com/item/1005002358809997.html,5.14,2.57,8.00%,2098-12-31,50%,https://s.click.aliexpress.com/e/_9HgcSc
Women's Intimates,200000349,Tank Top Satin Sexy Bras For Women Wireless Bralette Silk Smooth Plunge Boneless Bra Crochet Push Up Lingerie Fashion Camisole,1005002358122691,https://ae01.alicdn.com/kf/H5bac92cfd61d444ca2622f825c6142cbK/Tank-Top-Satin-Sexy-Bras-For-Women-Wireless-Bralette-Silk-Smooth-Plunge-Boneless-Bra-Crochet-Push.jpg_220x220.jpg,"https://ae04.alicdn.com/kf/H5bac92cfd61d444ca2622f825c6142cbK.jpg,https://ae04.alicdn.com/kf/Hd13cdc4ca278429ab885d616ac95ab03Z.jpg,https://ae04.alicdn.com/kf/Hd627f488b8d844d19a19292bc45a2310P.jpg,https://ae04.alicdn.com/kf/Hd991dcdce03341baa496bfd5db944038V.jpg,https://ae04.alicdn.com/kf/He9690c27a010473297cf3166725ecb69k.jpg,",https://www.aliexpress.com/item/1005002358122691.html,9.43,4.72,8.00%,2098-12-31,50%,https://s.click.aliexpress.com/e/_AWNnc4
Women's Intimates,200000349,Dslr Japanese Pure Cotton Women's Physiological Underwear Mid-Waist Printed Lace Menstrual Anti-Leakage Underwear,1005002359102031,https://ae01.alicdn.com/kf/He36d3eead1144cff9c49dd2045cc181a9/Dslr-Japanese-Pure-Cotton-Women-s-Physiological-Underwear-Mid-Waist-Printed-Lace-Menstrual-Anti-Leakage-Underwear.jpg_220x220.jpg,"https://ae04.alicdn.com/kf/He36d3eead1144cff9c49dd2045cc181a9.jpg,https://ae04.alicdn.com/kf/Hfddd0e24748044eda15d8b15c31ed7f0p.jpg,https://ae04.alicdn.com/kf/H02716c1e4fe3479087ec1be5b46d4d61u.jpg,https://ae04.alicdn.com/kf/H1296f3a532a34a6b85b8a7558226eaaaJ.jpg,https://ae04.alicdn.com/kf/H8a6abdaeb6e146d48cc28c13b6b0cc10P.jpg,",https://www.aliexpress.com/item/1005002359102031.html,7.64,3.82,8.00%,2098-12-31,50%,https://s.click.aliexpress.com/e/_A2ENqY
Women's Intimates,200000349,Dslr Cotton Antibacterial Mid-Waist Women's Underwear Printed Ladies Cotton Underwear Antibacterial Cotton Women's Underwear,1005002358725081,https://ae01.alicdn.com/kf/H5d1d1077d9a34882add4e9a8eb4b8c92F/Dslr-Cotton-Antibacterial-Mid-Waist-Women-s-Underwear-Printed-Ladies-Cotton-Underwear-Antibacterial-Cotton-Women-s.jpg_220x220.jpg,"https://ae04.alicdn.com/kf/H5d1d1077d9a34882add4e9a8eb4b8c92F.jpg,https://ae04.alicdn.com/kf/Hbdb140da78114e5787196857e79faa147.jpg,https://ae04.alicdn.com/kf/H030ff8a5f3d14257ab81eea33e61ca967.jpg,https://ae04.alicdn.com/kf/Ha3f4a22a2d39471a96a26d9c28f8e6c7J.jpg,https://ae04.alicdn.com/kf/He6d967cc3eb54024b917b3ac7f31cf34Q.jpg,",https://www.aliexpress.com/item/1005002358725081.html,7.13,3.57,8.00%,2098-12-31,50%,https://s.click.aliexpress.com/e/_AP7YPe
Women's Intimates,200000349,Sexy Lingerie Female Seamless Panties Super Large Underwear Women High Waist Lace Hollow Out Underpants Plus Size 5XL Brief,1005002357872027,https://ae01.alicdn.com/kf/H0135b93317894eac9c918d4b21cf8de6n/Sexy-Lingerie-Female-Seamless-Panties-Super-Large-Underwear-Women-High-Waist-Lace-Hollow-Out-Underpants-Plus.jpg_220x220.jpg,"https://ae04.alicdn.com/kf/H0135b93317894eac9c918d4b21cf8de6n.jpg,https://ae04.alicdn.com/kf/H3562660eaadc428cac6873cb1a22a4bda.jpg,https://ae04.alicdn.com/kf/Hec16f2d7c6b74393b2d1af35245293bff.jpg,https://ae04.alicdn.com/kf/He7032afa10df4047a83563527bdb841cg.jpg,https://ae04.alicdn.com/kf/H2b10a4df23c54e7c866a8c96e9340a23l.jpg,",https://www.aliexpress.com/item/1005002357872027.html,10.67,5.34,40.00%,2098-12-31,50%,https://s.click.aliexpress.com/e/_AkcGnA
Women's Intimates,200000349,1Pcs Briefs Comfort Sexy Stripe Bow Lace Panties Seamless Breathable Cotton Underwear Women Low-Rise Thin Lingerie,1005002357811373,https://ae01.alicdn.com/kf/Hc62e2763c28e4df1b04662b115f6d0de4/1Pcs-Briefs-Comfort-Sexy-Stripe-Bow-Lace-Panties-Seamless-Breathable-Cotton-Underwear-Women-Low-Rise-Thin.jpg_220x220.jpg,"https://ae04.alicdn.com/kf/Hc62e2763c28e4df1b04662b115f6d0de4.jpg,https://ae04.alicdn.com/kf/Hb8ca4e67f7ee4d9cab8cbc433cb6d89aU.jpg,https://ae04.alicdn.com/kf/Hc3dc2921512f47afa4d14378e3db83a1T.jpg,https://ae04.alicdn.com/kf/H62861535a539461b85383250641e8c8b2.jpg,https://ae04.alicdn.com/kf/H0716ae0f10274b76ae6992aae0e7c27eD.jpg,",https://www.aliexpress.com/item/1005002357811373.html,8.90,4.45,40.00%,2098-12-31,50%,https://s.click.aliexpress.com/e/_A9mjXS
